log_inst_size,time,fast_cex_time,impl_time,check_valid_time,eq_time,make_vc_time,check_sliceable_time,eq_num_z3_calls,model_search_time,model_holes_time,model_cond_time,search_wp_time,model_z3_time,model_z3_calls,num_backtracks
0,31.122923,7.357359,10.483265,16.027689,9.512186,0.008821,0.000000,2,7.662535,0.003815,0.000000,0.009298,7.079363,1,0
1,10.317802,0.000000,10.311604,10.278463,7.291555,0.005722,0.000000,1,0.000000,0.000000,0.000000,0.000000,0.000000,0,0
2,14.214754,0.000000,14.209509,14.174938,11.013985,0.006199,0.000000,1,0.000000,0.000000,0.000000,0.000000,0.000000,0,0
3,13.118505,0.000000,13.113499,13.081551,9.747267,0.005960,0.000000,1,0.000000,0.000000,0.000000,0.000000,0.000000,0,0
4,17.427683,0.000000,17.422676,17.388344,14.302015,0.006199,0.000000,1,0.000000,0.000000,0.000000,0.000000,0.000000,0,0
5,13.191938,0.000000,13.185740,13.153553,9.759665,0.005960,0.000238,1,0.000000,0.000000,0.000000,0.000000,0.000000,0,0
6,17.251015,0.000000,17.245531,17.136335,13.760328,0.026226,0.000000,1,0.000000,0.000000,0.000000,0.000000,0.000000,0,0
7,13.091803,0.000000,13.085842,13.051271,9.776354,0.006199,0.000000,1,0.000000,0.000000,0.000000,0.000000,0.000000,0,0
8,15.477896,0.000000,15.471935,15.437365,12.135267,0.006437,0.000000,1,0.000000,0.000000,0.000000,0.000000,0.000000,0,0
9,13.038397,0.000000,13.012886,12.928247,9.509563,0.005960,0.000000,1,0.000000,0.000000,0.000000,0.000000,0.000000,0,0
10,13.906479,0.000000,13.881445,13.784885,10.659933,0.006676,0.000000,1,0.000000,0.000000,0.000000,0.000000,0.000000,0,0
11,14.538050,0.000000,14.532804,14.498711,11.204481,0.006199,0.000000,1,0.000000,0.000000,0.000000,0.000000,0.000000,0,0
12,15.888453,0.000000,15.862942,15.805721,12.253284,0.007153,0.000238,1,0.000000,0.000000,0.000000,0.000000,0.000000,0,0
13,0.099182,0.000000,0.092983,0.057697,0.057697,0.007868,0.000000,1,0.000000,0.000000,0.000000,0.000000,0.000000,0,0
14,0.093460,0.000000,0.090361,0.012159,0.012159,0.004292,0.000000,1,0.000000,0.000000,0.000000,0.000000,0.000000,0,0
15,0.108957,0.000000,0.106096,0.027418,0.027418,0.023365,0.000000,1,0.000000,0.000000,0.000000,0.000000,0.000000,0,0
16,12.369871,0.000000,12.367249,12.315035,9.246349,0.003576,0.000000,1,0.000000,0.000000,0.000000,0.000000,0.000000,0,0
17,0.132084,0.000000,0.106573,0.050783,0.050545,0.007868,0.000000,1,0.000000,0.000000,0.000000,0.000000,0.000000,0,0
18,0.102997,0.000000,0.099182,0.030518,0.030518,0.024319,0.000000,1,0.000000,0.000000,0.000000,0.000000,0.000000,0,0
19,0.098705,0.000000,0.096083,0.029564,0.029564,0.024080,0.000000,1,0.000000,0.000000,0.000000,0.000000,0.000000,0,0
20,12.817621,0.000000,12.814283,12.749434,9.381056,0.003815,0.000000,1,0.000000,0.000000,0.000000,0.000000,0.000000,0,0
21,0.135899,0.000000,0.111341,0.020504,0.020266,0.006914,0.000000,1,0.000000,0.000000,0.000000,0.000000,0.000000,0,0
22,0.240326,0.000000,0.237465,0.147581,0.147581,0.023365,0.000000,1,0.000000,0.000000,0.000000,0.000000,0.000000,0,0
23,0.119686,0.000000,0.116587,0.029802,0.029325,0.004053,0.000238,1,0.000000,0.000000,0.000000,0.000000,0.000000,0,0
24,0.129938,0.000000,0.127554,0.048876,0.048876,0.023127,0.000000,1,0.000000,0.000000,0.000000,0.000000,0.000000,0,0
25,12.633085,0.000000,12.616158,12.548447,9.413004,0.004292,0.000000,1,0.000000,0.000000,0.000000,0.000000,0.000000,0,0
26,0.075579,0.000000,0.070810,0.037909,0.037909,0.006676,0.000000,1,0.000000,0.000000,0.000000,0.000000,0.000000,0,0
27,13.075352,0.000000,13.052464,13.026476,9.920359,0.004053,0.000000,1,0.000000,0.000000,0.000000,0.000000,0.000000,0,0
28,0.128269,0.000000,0.103712,0.020266,0.019789,0.006676,0.000000,1,0.000000,0.000000,0.000000,0.000000,0.000000,0,0
29,0.137091,0.000000,0.114679,0.051260,0.051260,0.004292,0.000000,1,0.000000,0.000000,0.000000,0.000000,0.000000,0,0
30,0.080347,0.000000,0.077248,0.030279,0.030279,0.025988,0.000000,1,0.000000,0.000000,0.000000,0.000000,0.000000,0,0
31,0.095844,0.000000,0.093222,0.016212,0.016212,0.023603,0.000238,1,0.000000,0.000000,0.000000,0.000000,0.000000,0,0
32,0.076294,0.000000,0.073671,0.029802,0.029802,0.023127,0.000238,1,0.000000,0.000000,0.000000,0.000000,0.000000,0,0
33,0.165701,0.000000,0.162840,0.016928,0.016689,0.024319,0.000000,1,0.000000,0.000000,0.000000,0.000000,0.000000,0,0
34,0.062943,0.000000,0.060081,0.015736,0.015736,0.023603,0.000000,1,0.000000,0.000000,0.000000,0.000000,0.000000,0,0
35,12.918234,0.000000,12.915611,12.890339,9.602785,0.004530,0.000000,1,0.000000,0.000000,0.000000,0.000000,0.000000,0,0
36,0.096321,0.000000,0.091314,0.058889,0.058889,0.005960,0.000000,1,0.000000,0.000000,0.000000,0.000000,0.000000,0,0
37,0.099659,0.000000,0.096321,0.031233,0.031233,0.023603,0.000000,1,0.000000,0.000000,0.000000,0.000000,0.000000,0,0
38,0.091791,0.000000,0.089407,0.029564,0.029564,0.019073,0.000000,1,0.000000,0.000000,0.000000,0.000000,0.000000,0,0
39,13.056755,0.000000,13.053894,13.029575,9.844542,0.003815,0.000000,1,0.000000,0.000000,0.000000,0.000000,0.000000,0,0
40,0.171185,0.000000,0.142574,0.036716,0.036716,0.026464,0.000000,1,0.000000,0.000000,0.000000,0.000000,0.000000,0,0
41,0.095367,0.000000,0.092268,0.027895,0.027895,0.023603,0.000000,1,0.000000,0.000000,0.000000,0.000000,0.000000,0,0
42,0.084639,0.000000,0.082016,0.017643,0.017643,0.004292,0.000000,1,0.000000,0.000000,0.000000,0.000000,0.000000,0,0
43,0.169277,0.000000,0.152349,0.105858,0.105858,0.003815,0.000000,1,0.000000,0.000000,0.000000,0.000000,0.000000,0,0
44,0.118017,0.000000,0.115156,0.031233,0.031233,0.022888,0.000000,1,0.000000,0.000000,0.000000,0.000000,0.000000,0,0
45,0.060558,0.000000,0.058174,0.035048,0.035048,0.003576,0.000000,1,0.000000,0.000000,0.000000,0.000000,0.000000,0,0
46,0.102997,0.000000,0.100374,0.030518,0.030518,0.017405,0.000000,1,0.000000,0.000000,0.000000,0.000000,0.000000,0,0
47,0.056744,0.000000,0.054359,0.030518,0.030518,0.003815,0.000000,1,0.000000,0.000000,0.000000,0.000000,0.000000,0,0
48,0.062227,0.000000,0.059605,0.016451,0.016212,0.003815,0.000000,1,0.000000,0.000000,0.000000,0.000000,0.000000,0,0
49,0.041485,0.000000,0.039101,0.015974,0.015736,0.003576,0.000000,1,0.000000,0.000000,0.000000,0.000000,0.000000,0,0
50,0.036955,0.000000,0.034332,0.011206,0.011206,0.004053,0.000000,1,0.000000,0.000000,0.000000,0.000000,0.000000,0,0
51,0.043154,0.000000,0.040531,0.017405,0.017405,0.004053,0.000000,1,0.000000,0.000000,0.000000,0.000000,0.000000,0,0
52,0.042200,0.000000,0.039339,0.016212,0.016212,0.003815,0.000000,1,0.000000,0.000000,0.000000,0.000000,0.000000,0,0
53,0.042677,0.000000,0.040054,0.016451,0.016451,0.004053,0.000000,1,0.000000,0.000000,0.000000,0.000000,0.000000,0,0
54,0.042439,0.000000,0.039577,0.016212,0.015974,0.003815,0.000000,1,0.000000,0.000000,0.000000,0.000000,0.000000,0,0
55,0.041485,0.000000,0.039101,0.016212,0.016212,0.004053,0.000000,1,0.000000,0.000000,0.000000,0.000000,0.000000,0,0
56,0.096321,0.000000,0.093699,0.016928,0.016689,0.003576,0.000000,1,0.000000,0.000000,0.000000,0.000000,0.000000,0,0
57,0.042200,0.000000,0.039339,0.015974,0.015736,0.003815,0.000000,1,0.000000,0.000000,0.000000,0.000000,0.000000,0,0
58,0.041723,0.000000,0.039339,0.016212,0.015974,0.003815,0.000000,1,0.000000,0.000000,0.000000,0.000000,0.000000,0,0
59,0.042677,0.000000,0.040293,0.016928,0.016928,0.003815,0.000000,1,0.000000,0.000000,0.000000,0.000000,0.000000,0,0
60,0.041962,0.000000,0.039577,0.016212,0.016212,0.003576,0.000000,1,0.000000,0.000000,0.000000,0.000000,0.000000,0,0
61,0.042677,0.000000,0.040054,0.016928,0.016689,0.003815,0.000000,1,0.000000,0.000000,0.000000,0.000000,0.000000,0,0
62,0.041962,0.000000,0.039339,0.016212,0.015974,0.003576,0.000000,1,0.000000,0.000000,0.000000,0.000000,0.000000,0,0
63,0.041723,0.000000,0.038862,0.016212,0.016212,0.003815,0.000000,1,0.000000,0.000000,0.000000,0.000000,0.000000,0,0
64,0.057220,0.000000,0.054598,0.012159,0.011683,0.003576,0.000000,1,0.000000,0.000000,0.000000,0.000000,0.000000,0,0
65,0.042200,0.000000,0.039577,0.016451,0.016451,0.003815,0.000000,1,0.000000,0.000000,0.000000,0.000000,0.000000,0,0
66,0.042200,0.000000,0.039816,0.016451,0.016451,0.003815,0.000000,1,0.000000,0.000000,0.000000,0.000000,0.000000,0,0
67,0.056505,0.000000,0.053883,0.015974,0.015974,0.003576,0.000000,1,0.000000,0.000000,0.000000,0.000000,0.000000,0,0
68,0.058651,0.000000,0.056028,0.033855,0.033855,0.003815,0.000000,1,0.000000,0.000000,0.000000,0.000000,0.000000,0,0
69,0.041723,0.000000,0.038862,0.016212,0.016212,0.003815,0.000000,1,0.000000,0.000000,0.000000,0.000000,0.000000,0,0
70,0.041485,0.000000,0.038624,0.016451,0.016451,0.003576,0.000000,1,0.000000,0.000000,0.000000,0.000000,0.000000,0,0
71,0.041008,0.000000,0.038624,0.016212,0.015974,0.003576,0.000000,1,0.000000,0.000000,0.000000,0.000000,0.000000,0,0
72,0.054121,0.000000,0.051498,0.015736,0.015497,0.018120,0.000238,1,0.000000,0.000000,0.000000,0.000000,0.000000,0,0
73,0.040531,0.000000,0.038624,0.015736,0.015736,0.003815,0.000000,1,0.000000,0.000000,0.000000,0.000000,0.000000,0,0
74,0.040054,0.000000,0.037432,0.015736,0.015497,0.003576,0.000000,1,0.000000,0.000000,0.000000,0.000000,0.000000,0,0
75,0.040531,0.000000,0.038147,0.015736,0.015736,0.003576,0.000000,1,0.000000,0.000000,0.000000,0.000000,0.000000,0,0
76,0.040293,0.000000,0.037432,0.015497,0.015497,0.003576,0.000000,1,0.000000,0.000000,0.000000,0.000000,0.000000,0,0
77,0.039577,0.000000,0.036955,0.015259,0.015259,0.003815,0.000000,1,0.000000,0.000000,0.000000,0.000000,0.000000,0,0
78,0.039816,0.000000,0.037432,0.015497,0.015259,0.003576,0.000000,1,0.000000,0.000000,0.000000,0.000000,0.000000,0,0
79,0.039816,0.000000,0.037432,0.015974,0.015497,0.003338,0.000000,1,0.000000,0.000000,0.000000,0.000000,0.000000,0,0
80,0.039816,0.000000,0.037670,0.015497,0.015259,0.003576,0.000000,1,0.000000,0.000000,0.000000,0.000000,0.000000,0,0
81,0.040293,0.000000,0.038147,0.015736,0.015736,0.003576,0.000000,1,0.000000,0.000000,0.000000,0.000000,0.000000,0,0
82,0.040293,0.000000,0.037909,0.015497,0.015497,0.003576,0.000000,1,0.000000,0.000000,0.000000,0.000000,0.000000,0,0
83,0.039816,0.000000,0.037432,0.015736,0.015259,0.003576,0.000000,1,0.000000,0.000000,0.000000,0.000000,0.000000,0,0
84,0.040054,0.000000,0.037670,0.015736,0.015736,0.003576,0.000000,1,0.000000,0.000000,0.000000,0.000000,0.000000,0,0
85,0.040293,0.000000,0.037432,0.015736,0.015736,0.003576,0.000000,1,0.000000,0.000000,0.000000,0.000000,0.000000,0,0
86,0.039816,0.000000,0.037193,0.015497,0.015259,0.003576,0.000000,1,0.000000,0.000000,0.000000,0.000000,0.000000,0,0
87,0.039577,0.000000,0.037193,0.015259,0.015259,0.003338,0.000000,1,0.000000,0.000000,0.000000,0.000000,0.000000,0,0
88,0.039816,0.000000,0.037193,0.015736,0.015736,0.003815,0.000238,1,0.000000,0.000000,0.000000,0.000000,0.000000,0,0
89,0.039101,0.000000,0.036716,0.015259,0.015020,0.003338,0.000000,1,0.000000,0.000000,0.000000,0.000000,0.000000,0,0
90,0.039101,0.000000,0.036955,0.015020,0.015020,0.003338,0.000000,1,0.000000,0.000000,0.000000,0.000000,0.000000,0,0
91,0.039577,0.000000,0.037193,0.015497,0.015497,0.003576,0.000000,1,0.000000,0.000000,0.000000,0.000000,0.000000,0,0
92,0.039577,0.000000,0.036716,0.015497,0.015497,0.003576,0.000238,1,0.000000,0.000000,0.000000,0.000000,0.000000,0,0
93,0.089407,0.000000,0.086784,0.037193,0.037193,0.003815,0.000000,1,0.000000,0.000000,0.000000,0.000000,0.000000,0,0
94,0.041723,0.000000,0.039101,0.016451,0.016451,0.003576,0.000000,1,0.000000,0.000000,0.000000,0.000000,0.000000,0,0
95,0.055075,0.000000,0.052452,0.029564,0.029564,0.003576,0.000000,1,0.000000,0.000000,0.000000,0.000000,0.000000,0,0
96,0.040531,0.000000,0.037909,0.015974,0.015974,0.003576,0.000000,1,0.000000,0.000000,0.000000,0.000000,0.000000,0,0
97,0.040054,0.000000,0.038147,0.015974,0.015736,0.003576,0.000000,1,0.000000,0.000000,0.000000,0.000000,0.000000,0,0
98,0.040531,0.000000,0.037909,0.015736,0.015736,0.003576,0.000238,1,0.000000,0.000000,0.000000,0.000000,0.000000,0,0
99,0.040054,0.000000,0.037670,0.015736,0.015497,0.003576,0.000000,1,0.000000,0.000000,0.000000,0.000000,0.000000,0,0
100,0.040531,0.000000,0.038147,0.015736,0.015736,0.003576,0.000000,1,0.000000,0.000000,0.000000,0.000000,0.000000,0,0
101,0.040770,0.000000,0.037670,0.015736,0.015736,0.003815,0.000477,1,0.000000,0.000000,0.000000,0.000000,0.000000,0,0
102,0.040293,0.000000,0.038147,0.015736,0.015736,0.003576,0.000000,1,0.000000,0.000000,0.000000,0.000000,0.000000,0,0
103,0.040531,0.000000,0.037670,0.015736,0.015736,0.003576,0.000000,1,0.000000,0.000000,0.000000,0.000000,0.000000,0,0
104,0.040531,0.000000,0.038147,0.015736,0.015736,0.003338,0.000000,1,0.000000,0.000000,0.000000,0.000000,0.000000,0,0
105,0.075817,0.000000,0.073195,0.016928,0.016689,0.003576,0.000238,1,0.000000,0.000000,0.000000,0.000000,0.000000,0,0
106,0.041008,0.000000,0.038862,0.016212,0.015736,0.003576,0.000000,1,0.000000,0.000000,0.000000,0.000000,0.000000,0,0
107,0.040293,0.000000,0.037909,0.015736,0.015736,0.003815,0.000000,1,0.000000,0.000000,0.000000,0.000000,0.000000,0,0
108,0.040770,0.000000,0.037909,0.015974,0.015974,0.003576,0.000000,1,0.000000,0.000000,0.000000,0.000000,0.000000,0,0
109,0.040531,0.000000,0.038147,0.015974,0.015974,0.003576,0.000000,1,0.000000,0.000000,0.000000,0.000000,0.000000,0,0
110,0.041008,0.000000,0.038147,0.015974,0.015497,0.003576,0.000000,1,0.000000,0.000000,0.000000,0.000000,0.000000,0,0
111,0.040054,0.000000,0.037670,0.015974,0.015974,0.003576,0.000000,1,0.000000,0.000000,0.000000,0.000000,0.000000,0,0
112,0.040054,0.000000,0.037909,0.015974,0.015974,0.003576,0.000000,1,0.000000,0.000000,0.000000,0.000000,0.000000,0,0
113,0.040531,0.000000,0.038147,0.015974,0.015974,0.003576,0.000000,1,0.000000,0.000000,0.000000,0.000000,0.000000,0,0
114,0.040054,0.000000,0.037670,0.015736,0.015736,0.003576,0.000000,1,0.000000,0.000000,0.000000,0.000000,0.000000,0,0
115,0.040293,0.000000,0.037909,0.015974,0.015974,0.003576,0.000000,1,0.000000,0.000000,0.000000,0.000000,0.000000,0,0
116,0.040770,0.000000,0.038385,0.015974,0.015974,0.003815,0.000000,1,0.000000,0.000000,0.000000,0.000000,0.000000,0,0
117,0.061512,0.000000,0.058889,0.016451,0.016212,0.003815,0.000000,1,0.000000,0.000000,0.000000,0.000000,0.000000,0,0
118,0.040770,0.000000,0.038385,0.016212,0.015974,0.003576,0.000000,1,0.000000,0.000000,0.000000,0.000000,0.000000,0,0
119,0.040770,0.000000,0.038385,0.015974,0.015974,0.003576,0.000000,1,0.000000,0.000000,0.000000,0.000000,0.000000,0,0
120,0.040293,0.000000,0.038147,0.015736,0.015736,0.003576,0.000000,1,0.000000,0.000000,0.000000,0.000000,0.000000,0,0
121,0.040293,0.000000,0.038147,0.015736,0.015736,0.003576,0.000000,1,0.000000,0.000000,0.000000,0.000000,0.000000,0,0
122,0.041008,0.000000,0.038385,0.016212,0.015736,0.003815,0.000000,1,0.000000,0.000000,0.000000,0.000000,0.000000,0,0
123,0.040531,0.000000,0.038147,0.016212,0.016212,0.003815,0.000000,1,0.000000,0.000000,0.000000,0.000000,0.000000,0,0
124,0.041008,0.000000,0.038624,0.016212,0.016212,0.003576,0.000000,1,0.000000,0.000000,0.000000,0.000000,0.000000,0,0
125,0.040770,0.000000,0.038624,0.016451,0.016451,0.003576,0.000000,1,0.000000,0.000000,0.000000,0.000000,0.000000,0,0
126,0.040531,0.000000,0.038147,0.015736,0.015736,0.003815,0.000000,1,0.000000,0.000000,0.000000,0.000000,0.000000,0,0
127,0.040770,0.000000,0.038385,0.015736,0.015736,0.003576,0.000000,1,0.000000,0.000000,0.000000,0.000000,0.000000,0,0
128,0.040531,0.000000,0.037909,0.015974,0.015736,0.003576,0.000000,1,0.000000,0.000000,0.000000,0.000000,0.000000,0,0
129,0.077486,0.000000,0.075102,0.036001,0.036001,0.003576,0.000000,1,0.000000,0.000000,0.000000,0.000000,0.000000,0,0
130,0.056505,0.000000,0.053883,0.015974,0.015974,0.003815,0.000000,1,0.000000,0.000000,0.000000,0.000000,0.000000,0,0
131,0.040770,0.000000,0.037909,0.015974,0.015974,0.003576,0.000238,1,0.000000,0.000000,0.000000,0.000000,0.000000,0,0
132,0.041008,0.000000,0.038147,0.016212,0.016212,0.003576,0.000000,1,0.000000,0.000000,0.000000,0.000000,0.000000,0,0
133,0.040531,0.000000,0.037909,0.015974,0.015974,0.003576,0.000000,1,0.000000,0.000000,0.000000,0.000000,0.000000,0,0
134,0.040531,0.000000,0.038385,0.015736,0.015736,0.003338,0.000000,1,0.000000,0.000000,0.000000,0.000000,0.000000,0,0
135,0.040531,0.000000,0.038147,0.015736,0.015736,0.003338,0.000000,1,0.000000,0.000000,0.000000,0.000000,0.000000,0,0
136,0.041008,0.000000,0.038147,0.016212,0.016212,0.003815,0.000000,1,0.000000,0.000000,0.000000,0.000000,0.000000,0,0
137,0.041008,0.000000,0.038624,0.016212,0.016212,0.003815,0.000000,1,0.000000,0.000000,0.000000,0.000000,0.000000,0,0
138,0.040054,0.000000,0.037909,0.015736,0.015497,0.003576,0.000000,1,0.000000,0.000000,0.000000,0.000000,0.000000,0,0
139,0.060797,0.000000,0.058174,0.016212,0.016212,0.003576,0.000000,1,0.000000,0.000000,0.000000,0.000000,0.000000,0,0
140,0.042200,0.000000,0.039339,0.016689,0.016689,0.003815,0.000000,1,0.000000,0.000000,0.000000,0.000000,0.000000,0,0
141,0.059128,0.000000,0.056505,0.033855,0.033855,0.003815,0.000238,1,0.000000,0.000000,0.000000,0.000000,0.000000,0,0
142,0.041962,0.000000,0.039816,0.016451,0.016212,0.003815,0.000000,1,0.000000,0.000000,0.000000,0.000000,0.000000,0,0
143,0.056028,0.000000,0.053406,0.015974,0.015974,0.003815,0.000000,1,0.000000,0.000000,0.000000,0.000000,0.000000,0,0
144,0.040531,0.000000,0.038147,0.015736,0.015736,0.003576,0.000000,1,0.000000,0.000000,0.000000,0.000000,0.000000,0,0
145,0.041008,0.000000,0.038385,0.015974,0.015974,0.003815,0.000000,1,0.000000,0.000000,0.000000,0.000000,0.000000,0,0
146,0.054598,0.000000,0.052452,0.029564,0.029564,0.003576,0.000000,1,0.000000,0.000000,0.000000,0.000000,0.000000,0,0
147,0.041485,0.000000,0.039101,0.016212,0.016212,0.003576,0.000000,1,0.000000,0.000000,0.000000,0.000000,0.000000,0,0
148,0.041008,0.000000,0.038624,0.016451,0.015974,0.003576,0.000000,1,0.000000,0.000000,0.000000,0.000000,0.000000,0,0
149,0.040531,0.000000,0.037909,0.016212,0.016212,0.003576,0.000000,1,0.000000,0.000000,0.000000,0.000000,0.000000,0,0
150,0.040531,0.000000,0.037909,0.016212,0.016212,0.003576,0.000000,1,0.000000,0.000000,0.000000,0.000000,0.000000,0,0
151,0.040293,0.000000,0.037909,0.016212,0.015974,0.003576,0.000000,1,0.000000,0.000000,0.000000,0.000000,0.000000,0,0
152,0.041008,0.000000,0.038385,0.015736,0.015497,0.003576,0.000000,1,0.000000,0.000000,0.000000,0.000000,0.000000,0,0
153,0.058651,0.000000,0.055790,0.033855,0.033855,0.003576,0.000000,1,0.000000,0.000000,0.000000,0.000000,0.000000,0,0
154,0.041008,0.000000,0.038385,0.015974,0.015974,0.003815,0.000000,1,0.000000,0.000000,0.000000,0.000000,0.000000,0,0
155,0.040531,0.000000,0.037909,0.015974,0.015974,0.003576,0.000000,1,0.000000,0.000000,0.000000,0.000000,0.000000,0,0
156,0.040770,0.000000,0.037909,0.015974,0.015974,0.003576,0.000000,1,0.000000,0.000000,0.000000,0.000000,0.000000,0,0
157,0.040770,0.000000,0.038385,0.016212,0.015974,0.003576,0.000000,1,0.000000,0.000000,0.000000,0.000000,0.000000,0,0
158,0.040531,0.000000,0.038385,0.015736,0.015736,0.004053,0.000000,1,0.000000,0.000000,0.000000,0.000000,0.000000,0,0
159,0.040770,0.000000,0.037909,0.015974,0.015974,0.003576,0.000000,1,0.000000,0.000000,0.000000,0.000000,0.000000,0,0
160,0.040531,0.000000,0.038385,0.015974,0.015974,0.003576,0.000000,1,0.000000,0.000000,0.000000,0.000000,0.000000,0,0
161,0.040531,0.000000,0.038385,0.015736,0.015736,0.003576,0.000000,1,0.000000,0.000000,0.000000,0.000000,0.000000,0,0
162,0.040770,0.000000,0.038385,0.016212,0.015974,0.003815,0.000000,1,0.000000,0.000000,0.000000,0.000000,0.000000,0,0
163,0.040531,0.000000,0.037909,0.015974,0.015974,0.003576,0.000000,1,0.000000,0.000000,0.000000,0.000000,0.000000,0,0
164,0.040293,0.000000,0.037909,0.015974,0.015974,0.003338,0.000238,1,0.000000,0.000000,0.000000,0.000000,0.000000,0,0
165,0.056744,0.000000,0.054598,0.016451,0.016451,0.003576,0.000000,1,0.000000,0.000000,0.000000,0.000000,0.000000,0,0
166,0.040770,0.000000,0.038385,0.015736,0.015736,0.003576,0.000000,1,0.000000,0.000000,0.000000,0.000000,0.000000,0,0
167,0.040770,0.000000,0.038385,0.015974,0.015974,0.003576,0.000000,1,0.000000,0.000000,0.000000,0.000000,0.000000,0,0
168,0.040531,0.000000,0.038147,0.016212,0.015974,0.003576,0.000000,1,0.000000,0.000000,0.000000,0.000000,0.000000,0,0
169,0.040531,0.000000,0.038147,0.015736,0.015736,0.003099,0.000000,1,0.000000,0.000000,0.000000,0.000000,0.000000,0,0
170,0.040531,0.000000,0.037909,0.015736,0.015736,0.003576,0.000238,1,0.000000,0.000000,0.000000,0.000000,0.000000,0,0
171,0.040770,0.000000,0.038385,0.016212,0.015974,0.003576,0.000000,1,0.000000,0.000000,0.000000,0.000000,0.000000,0,0
172,0.040770,0.000000,0.038147,0.015974,0.015974,0.003576,0.000000,1,0.000000,0.000000,0.000000,0.000000,0.000000,0,0
173,0.040293,0.000000,0.038147,0.015736,0.015736,0.003576,0.000000,1,0.000000,0.000000,0.000000,0.000000,0.000000,0,0
174,0.040531,0.000000,0.038147,0.015736,0.015736,0.003576,0.000000,1,0.000000,0.000000,0.000000,0.000000,0.000000,0,0
175,0.040531,0.000000,0.037909,0.015974,0.015974,0.003576,0.000238,1,0.000000,0.000000,0.000000,0.000000,0.000000,0,0
176,0.040293,0.000000,0.037670,0.015736,0.015736,0.003576,0.000000,1,0.000000,0.000000,0.000000,0.000000,0.000000,0,0
177,0.058413,0.000000,0.056028,0.016212,0.015974,0.003576,0.000000,1,0.000000,0.000000,0.000000,0.000000,0.000000,0,0
178,0.040531,0.000000,0.038147,0.015974,0.015974,0.003815,0.000000,1,0.000000,0.000000,0.000000,0.000000,0.000000,0,0
179,0.040293,0.000000,0.037909,0.015974,0.015974,0.003815,0.000000,1,0.000000,0.000000,0.000000,0.000000,0.000000,0,0
180,0.040531,0.000000,0.038147,0.015974,0.015974,0.003576,0.000000,1,0.000000,0.000000,0.000000,0.000000,0.000000,0,0
181,0.082254,0.000000,0.079870,0.033855,0.033855,0.003815,0.000238,1,0.000000,0.000000,0.000000,0.000000,0.000000,0,0
182,0.041008,0.000000,0.038385,0.015974,0.015736,0.003576,0.000000,1,0.000000,0.000000,0.000000,0.000000,0.000000,0,0
183,0.040531,0.000000,0.038385,0.015974,0.015736,0.003815,0.000000,1,0.000000,0.000000,0.000000,0.000000,0.000000,0,0
184,0.040531,0.000000,0.038147,0.015974,0.015497,0.003576,0.000000,1,0.000000,0.000000,0.000000,0.000000,0.000000,0,0
185,0.040770,0.000000,0.038385,0.015974,0.015974,0.003576,0.000000,1,0.000000,0.000000,0.000000,0.000000,0.000000,0,0
186,0.040293,0.000000,0.037909,0.015974,0.015736,0.003815,0.000000,1,0.000000,0.000000,0.000000,0.000000,0.000000,0,0
187,0.040293,0.000000,0.037909,0.015497,0.015497,0.003815,0.000000,1,0.000000,0.000000,0.000000,0.000000,0.000000,0,0
188,0.040770,0.000000,0.037909,0.016212,0.016212,0.003576,0.000000,1,0.000000,0.000000,0.000000,0.000000,0.000000,0,0
189,0.057220,0.000000,0.054836,0.015974,0.015974,0.003576,0.000000,1,0.000000,0.000000,0.000000,0.000000,0.000000,0,0
190,0.041246,0.000000,0.038385,0.016212,0.015736,0.003815,0.000000,1,0.000000,0.000000,0.000000,0.000000,0.000000,0,0
191,0.040531,0.000000,0.038147,0.016212,0.016212,0.003576,0.000000,1,0.000000,0.000000,0.000000,0.000000,0.000000,0,0
192,0.040293,0.000000,0.038385,0.015974,0.015736,0.003576,0.000000,1,0.000000,0.000000,0.000000,0.000000,0.000000,0,0
193,0.040770,0.000000,0.038385,0.016212,0.016212,0.003576,0.000000,1,0.000000,0.000000,0.000000,0.000000,0.000000,0,0
194,0.040770,0.000000,0.038385,0.015974,0.015974,0.003576,0.000000,1,0.000000,0.000000,0.000000,0.000000,0.000000,0,0
195,0.040531,0.000000,0.038385,0.015974,0.015974,0.003815,0.000000,1,0.000000,0.000000,0.000000,0.000000,0.000000,0,0
196,0.040531,0.000000,0.038147,0.015974,0.015974,0.003576,0.000000,1,0.000000,0.000000,0.000000,0.000000,0.000000,0,0
197,0.040531,0.000000,0.038147,0.015974,0.015974,0.003815,0.000000,1,0.000000,0.000000,0.000000,0.000000,0.000000,0,0
198,0.040054,0.000000,0.037909,0.015974,0.015736,0.003576,0.000000,1,0.000000,0.000000,0.000000,0.000000,0.000000,0,0
199,0.040293,0.000000,0.037909,0.015974,0.015974,0.003338,0.000000,1,0.000000,0.000000,0.000000,0.000000,0.000000,0,0
200,0.040531,0.000000,0.038147,0.015974,0.015974,0.003576,0.000000,1,0.000000,0.000000,0.000000,0.000000,0.000000,0,0
201,0.058174,0.000000,0.055790,0.016212,0.016212,0.003576,0.000000,1,0.000000,0.000000,0.000000,0.000000,0.000000,0,0
202,0.040770,0.000000,0.038147,0.015974,0.015974,0.003576,0.000000,1,0.000000,0.000000,0.000000,0.000000,0.000000,0,0
203,0.040293,0.000000,0.038385,0.015736,0.015736,0.003576,0.000000,1,0.000000,0.000000,0.000000,0.000000,0.000000,0,0
204,0.041246,0.000000,0.038385,0.016212,0.016212,0.003576,0.000000,1,0.000000,0.000000,0.000000,0.000000,0.000000,0,0
205,0.039816,0.000000,0.037909,0.015736,0.015736,0.003338,0.000000,1,0.000000,0.000000,0.000000,0.000000,0.000000,0,0
206,0.040770,0.000000,0.038147,0.016212,0.016212,0.003576,0.000000,1,0.000000,0.000000,0.000000,0.000000,0.000000,0,0
207,0.040531,0.000000,0.038147,0.015974,0.015974,0.003338,0.000000,1,0.000000,0.000000,0.000000,0.000000,0.000000,0,0
208,0.040531,0.000000,0.038147,0.015736,0.015736,0.003338,0.000000,1,0.000000,0.000000,0.000000,0.000000,0.000000,0,0
209,0.040770,0.000000,0.038385,0.016451,0.016451,0.003815,0.000000,1,0.000000,0.000000,0.000000,0.000000,0.000000,0,0
210,0.041246,0.000000,0.038624,0.016212,0.016212,0.003576,0.000000,1,0.000000,0.000000,0.000000,0.000000,0.000000,0,0
211,0.040770,0.000000,0.038385,0.016212,0.016212,0.003815,0.000000,1,0.000000,0.000000,0.000000,0.000000,0.000000,0,0
212,0.041008,0.000000,0.038385,0.016212,0.016212,0.003576,0.000000,1,0.000000,0.000000,0.000000,0.000000,0.000000,0,0
213,0.055552,0.000000,0.052929,0.016212,0.015974,0.017881,0.000000,1,0.000000,0.000000,0.000000,0.000000,0.000000,0,0
214,0.040770,0.000000,0.038147,0.016212,0.016212,0.003815,0.000000,1,0.000000,0.000000,0.000000,0.000000,0.000000,0,0
215,0.040770,0.000000,0.038624,0.015736,0.015497,0.004053,0.000000,1,0.000000,0.000000,0.000000,0.000000,0.000000,0,0
216,0.040531,0.000000,0.038147,0.015974,0.015974,0.003576,0.000000,1,0.000000,0.000000,0.000000,0.000000,0.000000,0,0
217,0.040531,0.000000,0.038385,0.015974,0.015974,0.003815,0.000000,1,0.000000,0.000000,0.000000,0.000000,0.000000,0,0
218,0.040770,0.000000,0.038385,0.016451,0.015974,0.003576,0.000000,1,0.000000,0.000000,0.000000,0.000000,0.000000,0,0
219,0.040293,0.000000,0.037909,0.015974,0.015974,0.003576,0.000238,1,0.000000,0.000000,0.000000,0.000000,0.000000,0,0
220,0.040531,0.000000,0.038147,0.015974,0.015974,0.003576,0.000000,1,0.000000,0.000000,0.000000,0.000000,0.000000,0,0
221,0.040531,0.000000,0.037909,0.016212,0.016212,0.003576,0.000238,1,0.000000,0.000000,0.000000,0.000000,0.000000,0,0
222,0.041008,0.000000,0.038624,0.016212,0.016212,0.003815,0.000000,1,0.000000,0.000000,0.000000,0.000000,0.000000,0,0
223,0.035763,0.000000,0.032902,0.011444,0.011444,0.003576,0.000000,1,0.000000,0.000000,0.000000,0.000000,0.000000,0,0
224,0.041008,0.000000,0.038624,0.016689,0.016451,0.003338,0.000000,1,0.000000,0.000000,0.000000,0.000000,0.000000,0,0
225,0.040770,0.000000,0.038385,0.015974,0.015974,0.003576,0.000000,1,0.000000,0.000000,0.000000,0.000000,0.000000,0,0
226,0.041246,0.000000,0.038385,0.016451,0.016212,0.003576,0.000000,1,0.000000,0.000000,0.000000,0.000000,0.000000,0,0
227,0.040531,0.000000,0.038147,0.015736,0.015736,0.003338,0.000000,1,0.000000,0.000000,0.000000,0.000000,0.000000,0,0
228,0.034809,0.000000,0.032425,0.010729,0.010729,0.003338,0.000000,1,0.000000,0.000000,0.000000,0.000000,0.000000,0,0
229,0.041008,0.000000,0.038385,0.016451,0.016212,0.003338,0.000000,1,0.000000,0.000000,0.000000,0.000000,0.000000,0,0
230,0.040293,0.000000,0.037909,0.015736,0.015736,0.003815,0.000238,1,0.000000,0.000000,0.000000,0.000000,0.000000,0,0
231,0.041008,0.000000,0.038147,0.016212,0.016212,0.003576,0.000000,1,0.000000,0.000000,0.000000,0.000000,0.000000,0,0
232,0.040531,0.000000,0.038147,0.015736,0.015736,0.003815,0.000000,1,0.000000,0.000000,0.000000,0.000000,0.000000,0,0
233,0.034571,0.000000,0.032187,0.010967,0.010967,0.003338,0.000000,1,0.000000,0.000000,0.000000,0.000000,0.000000,0,0
234,0.041008,0.000000,0.038147,0.016212,0.016212,0.003576,0.000000,1,0.000000,0.000000,0.000000,0.000000,0.000000,0,0
235,0.041008,0.000000,0.038385,0.016212,0.015974,0.003576,0.000000,1,0.000000,0.000000,0.000000,0.000000,0.000000,0,0
236,0.063658,0.000000,0.061035,0.039101,0.039101,0.003576,0.000000,1,0.000000,0.000000,0.000000,0.000000,0.000000,0,0
237,0.041246,0.000000,0.039101,0.016212,0.015974,0.003576,0.000000,1,0.000000,0.000000,0.000000,0.000000,0.000000,0,0
238,0.041008,0.000000,0.038385,0.016212,0.016212,0.003576,0.000000,1,0.000000,0.000000,0.000000,0.000000,0.000000,0,0
239,0.034809,0.000000,0.032425,0.010729,0.010729,0.003338,0.000000,1,0.000000,0.000000,0.000000,0.000000,0.000000,0,0
240,0.041008,0.000000,0.038385,0.016212,0.016212,0.003576,0.000000,1,0.000000,0.000000,0.000000,0.000000,0.000000,0,0
241,0.041246,0.000000,0.038385,0.016212,0.016212,0.003576,0.000000,1,0.000000,0.000000,0.000000,0.000000,0.000000,0,0
242,0.041246,0.000000,0.038624,0.016212,0.016212,0.003815,0.000000,1,0.000000,0.000000,0.000000,0.000000,0.000000,0,0
243,0.040770,0.000000,0.038385,0.015736,0.015497,0.003815,0.000000,1,0.000000,0.000000,0.000000,0.000000,0.000000,0,0
244,0.041008,0.000000,0.038385,0.016212,0.016212,0.003815,0.000000,1,0.000000,0.000000,0.000000,0.000000,0.000000,0,0
245,0.040770,0.000000,0.038385,0.015736,0.015736,0.003576,0.000000,1,0.000000,0.000000,0.000000,0.000000,0.000000,0,0
246,0.041008,0.000000,0.038385,0.016212,0.015974,0.003576,0.000000,1,0.000000,0.000000,0.000000,0.000000,0.000000,0,0
247,0.040770,0.000000,0.038147,0.016212,0.016212,0.003576,0.000000,1,0.000000,0.000000,0.000000,0.000000,0.000000,0,0
248,0.067711,0.000000,0.065088,0.016689,0.016689,0.003576,0.000238,1,0.000000,0.000000,0.000000,0.000000,0.000000,0,0
249,0.040770,0.000000,0.038147,0.016212,0.015736,0.003576,0.000000,1,0.000000,0.000000,0.000000,0.000000,0.000000,0,0
250,0.040770,0.000000,0.038385,0.015974,0.015736,0.003576,0.000000,1,0.000000,0.000000,0.000000,0.000000,0.000000,0,0
251,0.040770,0.000000,0.037909,0.016212,0.016212,0.003576,0.000000,1,0.000000,0.000000,0.000000,0.000000,0.000000,0,0
252,0.040770,0.000000,0.038147,0.016212,0.015736,0.003576,0.000000,1,0.000000,0.000000,0.000000,0.000000,0.000000,0,0
253,0.041008,0.000000,0.038385,0.016451,0.016451,0.003576,0.000000,1,0.000000,0.000000,0.000000,0.000000,0.000000,0,0
254,0.041246,0.000000,0.038624,0.016451,0.016451,0.003815,0.000000,1,0.000000,0.000000,0.000000,0.000000,0.000000,0,0
255,0.041008,0.000000,0.038385,0.016212,0.016212,0.003815,0.000238,1,0.000000,0.000000,0.000000,0.000000,0.000000,0,0
256,0.041008,0.000000,0.038624,0.015974,0.015974,0.003576,0.000000,1,0.000000,0.000000,0.000000,0.000000,0.000000,0,0
257,0.040531,0.000000,0.038147,0.015974,0.015974,0.003576,0.000000,1,0.000000,0.000000,0.000000,0.000000,0.000000,0,0
258,0.080824,0.000000,0.077963,0.016689,0.016689,0.005484,0.000000,1,0.000000,0.000000,0.000000,0.000000,0.000000,0,0
259,0.041485,0.000000,0.038862,0.016689,0.016689,0.003576,0.000000,1,0.000000,0.000000,0.000000,0.000000,0.000000,0,0
260,0.056982,0.000000,0.054598,0.016212,0.016212,0.003815,0.000000,1,0.000000,0.000000,0.000000,0.000000,0.000000,0,0
261,0.041008,0.000000,0.038624,0.016212,0.016212,0.003815,0.000000,1,0.000000,0.000000,0.000000,0.000000,0.000000,0,0
262,0.040770,0.000000,0.038147,0.016212,0.016212,0.003576,0.000000,1,0.000000,0.000000,0.000000,0.000000,0.000000,0,0
263,0.040770,0.000000,0.038385,0.016212,0.015974,0.003815,0.000000,1,0.000000,0.000000,0.000000,0.000000,0.000000,0,0
264,0.040531,0.000000,0.038147,0.016212,0.015974,0.003815,0.000000,1,0.000000,0.000000,0.000000,0.000000,0.000000,0,0
265,0.040770,0.000000,0.038385,0.016451,0.015974,0.003576,0.000000,1,0.000000,0.000000,0.000000,0.000000,0.000000,0,0
266,0.040531,0.000000,0.038385,0.016212,0.016212,0.003815,0.000000,1,0.000000,0.000000,0.000000,0.000000,0.000000,0,0
267,0.040531,0.000000,0.038147,0.015974,0.015974,0.003338,0.000000,1,0.000000,0.000000,0.000000,0.000000,0.000000,0,0
268,0.040531,0.000000,0.038385,0.015736,0.015736,0.003576,0.000000,1,0.000000,0.000000,0.000000,0.000000,0.000000,0,0
269,0.040531,0.000000,0.038147,0.016212,0.015974,0.003576,0.000000,1,0.000000,0.000000,0.000000,0.000000,0.000000,0,0
270,0.060558,0.000000,0.058174,0.016451,0.016451,0.003576,0.000000,1,0.000000,0.000000,0.000000,0.000000,0.000000,0,0
271,0.041723,0.000000,0.039101,0.016689,0.016212,0.003576,0.000238,1,0.000000,0.000000,0.000000,0.000000,0.000000,0,0
272,0.041962,0.000000,0.039339,0.016451,0.016451,0.003576,0.000000,1,0.000000,0.000000,0.000000,0.000000,0.000000,0,0
273,0.041962,0.000000,0.039101,0.016451,0.016212,0.003815,0.000000,1,0.000000,0.000000,0.000000,0.000000,0.000000,0,0
274,0.041246,0.000000,0.038862,0.016451,0.016212,0.003815,0.000000,1,0.000000,0.000000,0.000000,0.000000,0.000000,0,0
275,0.041723,0.000000,0.038862,0.016451,0.016451,0.003815,0.000000,1,0.000000,0.000000,0.000000,0.000000,0.000000,0,0
276,0.041485,0.000000,0.038862,0.016451,0.016451,0.003815,0.000000,1,0.000000,0.000000,0.000000,0.000000,0.000000,0,0
277,0.051737,0.000000,0.049353,0.010967,0.010967,0.003576,0.000000,1,0.000000,0.000000,0.000000,0.000000,0.000000,0,0
278,0.042200,0.000000,0.039577,0.016689,0.016689,0.003815,0.000000,1,0.000000,0.000000,0.000000,0.000000,0.000000,0,0
279,0.058174,0.000000,0.055552,0.016212,0.016212,0.003815,0.000000,1,0.000000,0.000000,0.000000,0.000000,0.000000,0,0
280,0.041485,0.000000,0.038862,0.016451,0.016451,0.003815,0.000000,1,0.000000,0.000000,0.000000,0.000000,0.000000,0,0
281,0.041246,0.000000,0.038385,0.016212,0.016212,0.003815,0.000000,1,0.000000,0.000000,0.000000,0.000000,0.000000,0,0
282,0.041008,0.000000,0.038624,0.016451,0.016212,0.003576,0.000000,1,0.000000,0.000000,0.000000,0.000000,0.000000,0,0
283,0.059843,0.000000,0.057459,0.016212,0.016212,0.003576,0.000000,1,0.000000,0.000000,0.000000,0.000000,0.000000,0,0
284,0.041008,0.000000,0.038624,0.016212,0.016212,0.003815,0.000000,1,0.000000,0.000000,0.000000,0.000000,0.000000,0,0
285,0.040770,0.000000,0.038385,0.015736,0.015736,0.003576,0.000000,1,0.000000,0.000000,0.000000,0.000000,0.000000,0,0
286,0.040293,0.000000,0.038147,0.016212,0.015974,0.003576,0.000000,1,0.000000,0.000000,0.000000,0.000000,0.000000,0,0
287,0.040770,0.000000,0.038385,0.016212,0.015974,0.003576,0.000000,1,0.000000,0.000000,0.000000,0.000000,0.000000,0,0
288,0.040770,0.000000,0.038624,0.015974,0.015974,0.004053,0.000000,1,0.000000,0.000000,0.000000,0.000000,0.000000,0,0
289,0.041008,0.000000,0.038385,0.016212,0.016212,0.003576,0.000000,1,0.000000,0.000000,0.000000,0.000000,0.000000,0,0
290,0.075102,0.000000,0.072241,0.016212,0.016212,0.018597,0.000000,1,0.000000,0.000000,0.000000,0.000000,0.000000,0,0
291,0.053406,0.000000,0.037432,0.015974,0.015497,0.003576,0.000000,1,0.000000,0.000000,0.000000,0.000000,0.000000,0,0
292,0.040054,0.000000,0.037670,0.015497,0.015497,0.003576,0.000238,1,0.000000,0.000000,0.000000,0.000000,0.000000,0,0
293,0.039816,0.000000,0.037670,0.015736,0.015497,0.003576,0.000000,1,0.000000,0.000000,0.000000,0.000000,0.000000,0,0
294,0.059843,0.000000,0.057697,0.035763,0.035524,0.003338,0.000000,1,0.000000,0.000000,0.000000,0.000000,0.000000,0,0
295,0.077486,0.000000,0.074863,0.015497,0.015497,0.041008,0.000000,1,0.000000,0.000000,0.000000,0.000000,0.000000,0,0
296,0.054121,0.000000,0.051737,0.029564,0.029087,0.003576,0.000000,1,0.000000,0.000000,0.000000,0.000000,0.000000,0,0
297,0.039816,0.000000,0.037670,0.015974,0.015974,0.003576,0.000000,1,0.000000,0.000000,0.000000,0.000000,0.000000,0,0
298,0.040054,0.000000,0.037670,0.015736,0.015497,0.003576,0.000000,1,0.000000,0.000000,0.000000,0.000000,0.000000,0,0
299,0.039816,0.000000,0.037432,0.015736,0.015736,0.003576,0.000000,1,0.000000,0.000000,0.000000,0.000000,0.000000,0,0
300,0.039577,0.000000,0.037670,0.015497,0.015497,0.003338,0.000000,1,0.000000,0.000000,0.000000,0.000000,0.000000,0,0
301,0.040293,0.000000,0.037670,0.015736,0.015736,0.003815,0.000238,1,0.000000,0.000000,0.000000,0.000000,0.000000,0,0
302,0.039816,0.000000,0.037432,0.015497,0.015497,0.003576,0.000000,1,0.000000,0.000000,0.000000,0.000000,0.000000,0,0
303,0.039816,0.000000,0.037432,0.015497,0.015497,0.003815,0.000000,1,0.000000,0.000000,0.000000,0.000000,0.000000,0,0
304,0.039339,0.000000,0.037432,0.015736,0.015736,0.003338,0.000000,1,0.000000,0.000000,0.000000,0.000000,0.000000,0,0
305,0.039339,0.000000,0.037193,0.015736,0.015736,0.003576,0.000000,1,0.000000,0.000000,0.000000,0.000000,0.000000,0,0
306,0.059366,0.000000,0.056505,0.034809,0.034809,0.003576,0.000000,1,0.000000,0.000000,0.000000,0.000000,0.000000,0,0
307,0.040770,0.000000,0.037909,0.015736,0.015736,0.003815,0.000000,1,0.000000,0.000000,0.000000,0.000000,0.000000,0,0
308,0.040054,0.000000,0.037432,0.015259,0.015259,0.003576,0.000000,1,0.000000,0.000000,0.000000,0.000000,0.000000,0,0
309,0.060558,0.000000,0.058174,0.016212,0.016212,0.003815,0.000000,1,0.000000,0.000000,0.000000,0.000000,0.000000,0,0
310,0.039577,0.000000,0.037432,0.015497,0.015259,0.003576,0.000000,1,0.000000,0.000000,0.000000,0.000000,0.000000,0,0
311,0.040293,0.000000,0.037670,0.015736,0.015736,0.003576,0.000000,1,0.000000,0.000000,0.000000,0.000000,0.000000,0,0
312,0.039816,0.000000,0.037670,0.015497,0.015497,0.003576,0.000000,1,0.000000,0.000000,0.000000,0.000000,0.000000,0,0
313,0.037909,0.000000,0.035286,0.013590,0.013590,0.003576,0.000000,1,0.000000,0.000000,0.000000,0.000000,0.000000,0,0
314,0.037432,0.000000,0.035048,0.013113,0.013113,0.003576,0.000238,1,0.000000,0.000000,0.000000,0.000000,0.000000,0,0
315,0.039816,0.000000,0.037432,0.016212,0.015974,0.003338,0.000000,1,0.000000,0.000000,0.000000,0.000000,0.000000,0,0
316,11.381626,0.000000,11.378765,11.354446,8.187294,0.003576,0.000000,1,0.000000,0.000000,0.000000,0.000000,0.000000,0,0
317,0.083923,0.000000,0.076771,0.017166,0.016928,0.007629,0.000000,1,0.000000,0.000000,0.000000,0.000000,0.000000,0,0
318,0.040770,0.000000,0.037432,0.011683,0.011683,0.004053,0.000000,1,0.000000,0.000000,0.000000,0.000000,0.000000,0,0
319,0.037909,0.000000,0.034809,0.011444,0.011444,0.003576,0.000000,1,0.000000,0.000000,0.000000,0.000000,0.000000,0,0
320,0.036716,0.000000,0.034094,0.011206,0.011206,0.003338,0.000000,1,0.000000,0.000000,0.000000,0.000000,0.000000,0,0
321,0.036001,0.000000,0.033379,0.011206,0.011206,0.003815,0.000238,1,0.000000,0.000000,0.000000,0.000000,0.000000,0,0
322,0.036001,0.000000,0.033140,0.011683,0.011683,0.003576,0.000000,1,0.000000,0.000000,0.000000,0.000000,0.000000,0,0
323,0.035524,0.000000,0.032902,0.011206,0.011206,0.003576,0.000000,1,0.000000,0.000000,0.000000,0.000000,0.000000,0,0
324,0.035763,0.000000,0.033140,0.011206,0.011206,0.003576,0.000000,1,0.000000,0.000000,0.000000,0.000000,0.000000,0,0
325,0.036001,0.000000,0.033379,0.011683,0.011683,0.003338,0.000238,1,0.000000,0.000000,0.000000,0.000000,0.000000,0,0
326,0.035524,0.000000,0.033379,0.010967,0.010967,0.003576,0.000000,1,0.000000,0.000000,0.000000,0.000000,0.000000,0,0
327,0.035286,0.000000,0.032425,0.011206,0.011206,0.003338,0.000000,1,0.000000,0.000000,0.000000,0.000000,0.000000,0,0
328,7.590771,0.000000,7.588387,7.562637,4.402161,0.004053,0.000000,1,0.000000,0.000000,0.000000,0.000000,0.000000,0,0
329,7.405996,0.000000,7.400274,7.365704,4.296780,0.006437,0.000000,1,0.000000,0.000000,0.000000,0.000000,0.000000,0,0
330,0.063419,0.000000,0.058174,0.024319,0.024319,0.006437,0.000000,1,0.000000,0.000000,0.000000,0.000000,0.000000,0,0
331,0.049353,0.000000,0.046492,0.019312,0.019312,0.004768,0.000000,1,0.000000,0.000000,0.000000,0.000000,0.000000,0,0
332,0.046730,0.000000,0.043392,0.018358,0.018358,0.004053,0.000000,1,0.000000,0.000000,0.000000,0.000000,0.000000,0,0
333,0.045300,0.000000,0.042677,0.017643,0.017643,0.004292,0.000000,1,0.000000,0.000000,0.000000,0.000000,0.000000,0,0
334,0.044584,0.000000,0.042200,0.017881,0.017643,0.004053,0.000000,1,0.000000,0.000000,0.000000,0.000000,0.000000,0,0
335,0.044107,0.000000,0.041485,0.017643,0.017643,0.003815,0.000000,1,0.000000,0.000000,0.000000,0.000000,0.000000,0,0
336,0.043869,0.000000,0.041485,0.017405,0.017405,0.004053,0.000000,1,0.000000,0.000000,0.000000,0.000000,0.000000,0,0
337,0.044346,0.000000,0.041485,0.017643,0.017643,0.004053,0.000000,1,0.000000,0.000000,0.000000,0.000000,0.000000,0,0
338,0.043154,0.000000,0.040531,0.017405,0.017405,0.004053,0.000000,1,0.000000,0.000000,0.000000,0.000000,0.000000,0,0
339,0.044107,0.000000,0.041485,0.017405,0.017405,0.003815,0.000000,1,0.000000,0.000000,0.000000,0.000000,0.000000,0,0
340,0.043631,0.000000,0.040531,0.017405,0.017405,0.004053,0.000000,1,0.000000,0.000000,0.000000,0.000000,0.000000,0,0
341,0.042915,0.000000,0.040770,0.017166,0.017166,0.004053,0.000000,1,0.000000,0.000000,0.000000,0.000000,0.000000,0,0
342,0.042915,0.000000,0.040770,0.017405,0.017405,0.003815,0.000000,1,0.000000,0.000000,0.000000,0.000000,0.000000,0,0
343,0.043154,0.000000,0.040531,0.017643,0.017643,0.003815,0.000238,1,0.000000,0.000000,0.000000,0.000000,0.000000,0,0
344,0.043154,0.000000,0.040293,0.017405,0.017405,0.003815,0.000000,1,0.000000,0.000000,0.000000,0.000000,0.000000,0,0
345,0.043154,0.000000,0.040293,0.017405,0.017405,0.004053,0.000000,1,0.000000,0.000000,0.000000,0.000000,0.000000,0,0
346,0.043869,0.000000,0.041008,0.017881,0.017405,0.004053,0.000000,1,0.000000,0.000000,0.000000,0.000000,0.000000,0,0
347,0.043154,0.000000,0.040531,0.017166,0.017166,0.004292,0.000000,1,0.000000,0.000000,0.000000,0.000000,0.000000,0,0
348,0.042915,0.000000,0.040293,0.017166,0.017166,0.003815,0.000000,1,0.000000,0.000000,0.000000,0.000000,0.000000,0,0
349,0.042677,0.000000,0.040054,0.017405,0.017405,0.003815,0.000000,1,0.000000,0.000000,0.000000,0.000000,0.000000,0,0
350,0.074863,0.000000,0.072718,0.017643,0.017643,0.004292,0.000000,1,0.000000,0.000000,0.000000,0.000000,0.000000,0,0
351,0.042915,0.000000,0.040531,0.017405,0.017405,0.004053,0.000000,1,0.000000,0.000000,0.000000,0.000000,0.000000,0,0
352,0.043154,0.000000,0.040531,0.017405,0.017166,0.003815,0.000000,1,0.000000,0.000000,0.000000,0.000000,0.000000,0,0
353,0.042677,0.000000,0.040054,0.017166,0.017166,0.003815,0.000000,1,0.000000,0.000000,0.000000,0.000000,0.000000,0,0
354,0.042915,0.000000,0.040054,0.017405,0.017405,0.004053,0.000000,1,0.000000,0.000000,0.000000,0.000000,0.000000,0,0
355,0.042677,0.000000,0.040293,0.017405,0.017405,0.003576,0.000000,1,0.000000,0.000000,0.000000,0.000000,0.000000,0,0
356,0.042915,0.000000,0.040054,0.017166,0.017166,0.003815,0.000000,1,0.000000,0.000000,0.000000,0.000000,0.000000,0,0
357,0.042439,0.000000,0.040054,0.017166,0.017166,0.003815,0.000000,1,0.000000,0.000000,0.000000,0.000000,0.000000,0,0
358,0.042200,0.000000,0.039577,0.017405,0.017405,0.003576,0.000238,1,0.000000,0.000000,0.000000,0.000000,0.000000,0,0
359,0.047922,0.000000,0.045300,0.021935,0.021696,0.003815,0.000000,1,0.000000,0.000000,0.000000,0.000000,0.000000,0,0
360,0.043154,0.000000,0.040054,0.017166,0.017166,0.003815,0.000000,1,0.000000,0.000000,0.000000,0.000000,0.000000,0,0
361,0.061512,0.000000,0.059128,0.017405,0.017405,0.003815,0.000000,1,0.000000,0.000000,0.000000,0.000000,0.000000,0,0
362,0.042915,0.000000,0.040054,0.017405,0.017405,0.003576,0.000000,1,0.000000,0.000000,0.000000,0.000000,0.000000,0,0
363,0.042677,0.000000,0.040054,0.016928,0.016928,0.003815,0.000000,1,0.000000,0.000000,0.000000,0.000000,0.000000,0,0
364,0.042677,0.000000,0.039577,0.017166,0.017166,0.003576,0.000000,1,0.000000,0.000000,0.000000,0.000000,0.000000,0,0
365,0.042915,0.000000,0.040293,0.017166,0.017166,0.003815,0.000000,1,0.000000,0.000000,0.000000,0.000000,0.000000,0,0
366,0.042677,0.000000,0.039816,0.017643,0.017643,0.003576,0.000000,1,0.000000,0.000000,0.000000,0.000000,0.000000,0,0
367,0.042200,0.000000,0.039816,0.017166,0.017166,0.003815,0.000000,1,0.000000,0.000000,0.000000,0.000000,0.000000,0,0
368,0.041962,0.000000,0.039577,0.017166,0.017166,0.003815,0.000000,1,0.000000,0.000000,0.000000,0.000000,0.000000,0,0
369,0.042439,0.000000,0.040054,0.017166,0.017166,0.003815,0.000000,1,0.000000,0.000000,0.000000,0.000000,0.000000,0,0
370,0.042200,0.000000,0.040054,0.017166,0.017166,0.003815,0.000000,1,0.000000,0.000000,0.000000,0.000000,0.000000,0,0
371,0.042200,0.000000,0.039577,0.017166,0.017166,0.003576,0.000000,1,0.000000,0.000000,0.000000,0.000000,0.000000,0,0
372,0.065327,0.000000,0.062704,0.039816,0.039816,0.003815,0.000000,1,0.000000,0.000000,0.000000,0.000000,0.000000,0,0
373,0.042439,0.000000,0.040054,0.017405,0.016928,0.003815,0.000000,1,0.000000,0.000000,0.000000,0.000000,0.000000,0,0
374,0.042439,0.000000,0.039816,0.017166,0.016928,0.003815,0.000000,1,0.000000,0.000000,0.000000,0.000000,0.000000,0,0
375,0.042439,0.000000,0.040054,0.017405,0.017405,0.003815,0.000238,1,0.000000,0.000000,0.000000,0.000000,0.000000,0,0
376,0.042200,0.000000,0.039577,0.017166,0.017166,0.003815,0.000000,1,0.000000,0.000000,0.000000,0.000000,0.000000,0,0
377,0.042677,0.000000,0.040293,0.017166,0.017166,0.003576,0.000000,1,0.000000,0.000000,0.000000,0.000000,0.000000,0,0
378,0.041962,0.000000,0.039339,0.017166,0.017166,0.003815,0.000000,1,0.000000,0.000000,0.000000,0.000000,0.000000,0,0
379,0.041962,0.000000,0.039339,0.017166,0.017166,0.003576,0.000000,1,0.000000,0.000000,0.000000,0.000000,0.000000,0,0
380,0.041962,0.000000,0.039577,0.017166,0.017166,0.003576,0.000000,1,0.000000,0.000000,0.000000,0.000000,0.000000,0,0
381,0.041962,0.000000,0.039339,0.017166,0.017166,0.003576,0.000000,1,0.000000,0.000000,0.000000,0.000000,0.000000,0,0
382,0.042439,0.000000,0.039816,0.016689,0.016689,0.003815,0.000000,1,0.000000,0.000000,0.000000,0.000000,0.000000,0,0
383,0.041962,0.000000,0.039339,0.017166,0.017166,0.003815,0.000000,1,0.000000,0.000000,0.000000,0.000000,0.000000,0,0
384,0.042677,0.000000,0.040293,0.017405,0.017405,0.003576,0.000000,1,0.000000,0.000000,0.000000,0.000000,0.000000,0,0
385,0.042200,0.000000,0.039577,0.017166,0.017166,0.003815,0.000000,1,0.000000,0.000000,0.000000,0.000000,0.000000,0,0
386,0.042439,0.000000,0.039816,0.017166,0.016928,0.004053,0.000000,1,0.000000,0.000000,0.000000,0.000000,0.000000,0,0
387,0.041485,0.000000,0.038862,0.016928,0.016689,0.003576,0.000000,1,0.000000,0.000000,0.000000,0.000000,0.000000,0,0
388,0.041723,0.000000,0.039101,0.017166,0.016928,0.003576,0.000000,1,0.000000,0.000000,0.000000,0.000000,0.000000,0,0
389,0.041723,0.000000,0.039577,0.017166,0.017166,0.003576,0.000000,1,0.000000,0.000000,0.000000,0.000000,0.000000,0,0
390,0.041485,0.000000,0.039101,0.016928,0.016928,0.003815,0.000000,1,0.000000,0.000000,0.000000,0.000000,0.000000,0,0
391,11.202574,0.000000,11.199474,11.176825,8.080244,0.003576,0.000000,1,0.000000,0.000000,0.000000,0.000000,0.000000,0,0
392,0.065327,0.000000,0.059128,0.024557,0.024557,0.006914,0.000238,1,0.000000,0.000000,0.000000,0.000000,0.000000,0,0
393,0.049114,0.000000,0.045776,0.019073,0.019073,0.004292,0.000000,1,0.000000,0.000000,0.000000,0.000000,0.000000,0,0
394,0.082493,0.000000,0.079632,0.019312,0.019312,0.004053,0.000000,1,0.000000,0.000000,0.000000,0.000000,0.000000,0,0
395,0.046015,0.000000,0.043392,0.018597,0.018597,0.004053,0.000000,1,0.000000,0.000000,0.000000,0.000000,0.000000,0,0
396,0.044823,0.000000,0.042200,0.017881,0.017881,0.004292,0.000000,1,0.000000,0.000000,0.000000,0.000000,0.000000,0,0
397,0.044107,0.000000,0.041723,0.017881,0.017881,0.004053,0.000000,1,0.000000,0.000000,0.000000,0.000000,0.000000,0,0
398,0.044346,0.000000,0.041723,0.017881,0.017881,0.004292,0.000000,1,0.000000,0.000000,0.000000,0.000000,0.000000,0,0
399,0.044107,0.000000,0.041485,0.017881,0.017643,0.004053,0.000000,1,0.000000,0.000000,0.000000,0.000000,0.000000,0,0
400,0.044107,0.000000,0.041485,0.018120,0.018120,0.004053,0.000000,1,0.000000,0.000000,0.000000,0.000000,0.000000,0,0
401,0.043869,0.000000,0.041008,0.017643,0.017643,0.003815,0.000000,1,0.000000,0.000000,0.000000,0.000000,0.000000,0,0
402,0.043392,0.000000,0.041008,0.017643,0.017405,0.003815,0.000000,1,0.000000,0.000000,0.000000,0.000000,0.000000,0,0
403,0.042915,0.000000,0.040054,0.017405,0.017405,0.003815,0.000238,1,0.000000,0.000000,0.000000,0.000000,0.000000,0,0
404,0.043392,0.000000,0.040770,0.017643,0.017405,0.003815,0.000238,1,0.000000,0.000000,0.000000,0.000000,0.000000,0,0
405,0.076771,0.000000,0.074387,0.051260,0.051260,0.003576,0.000000,1,0.000000,0.000000,0.000000,0.000000,0.000000,0,0
406,0.042915,0.000000,0.040293,0.017643,0.017643,0.003576,0.000000,1,0.000000,0.000000,0.000000,0.000000,0.000000,0,0
407,0.043154,0.000000,0.040531,0.017405,0.017405,0.003815,0.000000,1,0.000000,0.000000,0.000000,0.000000,0.000000,0,0
408,0.042439,0.000000,0.039816,0.017405,0.017405,0.003815,0.000000,1,0.000000,0.000000,0.000000,0.000000,0.000000,0,0
409,0.043631,0.000000,0.040770,0.017881,0.017881,0.003815,0.000000,1,0.000000,0.000000,0.000000,0.000000,0.000000,0,0
410,0.043154,0.000000,0.040531,0.017643,0.017643,0.003815,0.000238,1,0.000000,0.000000,0.000000,0.000000,0.000000,0,0
411,0.043869,0.000000,0.041246,0.018120,0.017881,0.004053,0.000000,1,0.000000,0.000000,0.000000,0.000000,0.000000,0,0
412,12.946606,0.000000,12.943983,12.920380,9.756327,0.003815,0.000000,1,0.000000,0.000000,0.000000,0.000000,0.000000,0,0
413,0.059366,0.000000,0.054359,0.021935,0.021935,0.006199,0.000000,1,0.000000,0.000000,0.000000,0.000000,0.000000,0,0
414,0.047207,0.000000,0.043869,0.018835,0.018597,0.004053,0.000000,1,0.000000,0.000000,0.000000,0.000000,0.000000,0,0
415,0.044107,0.000000,0.041485,0.017643,0.017643,0.003815,0.000000,1,0.000000,0.000000,0.000000,0.000000,0.000000,0,0
416,0.044823,0.000000,0.041723,0.018120,0.018120,0.003815,0.000238,1,0.000000,0.000000,0.000000,0.000000,0.000000,0,0
417,0.043631,0.000000,0.041008,0.017881,0.017643,0.004053,0.000000,1,0.000000,0.000000,0.000000,0.000000,0.000000,0,0
418,0.042439,0.000000,0.040054,0.017405,0.017405,0.003576,0.000000,1,0.000000,0.000000,0.000000,0.000000,0.000000,0,0
419,0.042200,0.000000,0.039577,0.017643,0.017643,0.003815,0.000000,1,0.000000,0.000000,0.000000,0.000000,0.000000,0,0
420,0.042915,0.000000,0.040293,0.017881,0.017643,0.003576,0.000000,1,0.000000,0.000000,0.000000,0.000000,0.000000,0,0
421,0.041723,0.000000,0.039577,0.017405,0.017405,0.003576,0.000000,1,0.000000,0.000000,0.000000,0.000000,0.000000,0,0
422,0.042200,0.000000,0.040054,0.017405,0.017405,0.003815,0.000000,1,0.000000,0.000000,0.000000,0.000000,0.000000,0,0
423,0.041962,0.000000,0.039577,0.017166,0.017166,0.003815,0.000000,1,0.000000,0.000000,0.000000,0.000000,0.000000,0,0
424,0.042200,0.000000,0.039577,0.017643,0.017405,0.003576,0.000000,1,0.000000,0.000000,0.000000,0.000000,0.000000,0,0
425,0.042200,0.000000,0.040054,0.017405,0.017405,0.003576,0.000000,1,0.000000,0.000000,0.000000,0.000000,0.000000,0,0
426,0.042200,0.000000,0.039339,0.017643,0.017643,0.003576,0.000000,1,0.000000,0.000000,0.000000,0.000000,0.000000,0,0
427,0.117779,0.000000,0.114918,0.039577,0.039577,0.003815,0.000000,1,0.000000,0.000000,0.000000,0.000000,0.000000,0,0
428,0.082493,0.000000,0.079393,0.040054,0.039816,0.004292,0.000238,1,0.000000,0.000000,0.000000,0.000000,0.000000,0,0
429,0.056028,0.000000,0.053406,0.017643,0.017405,0.003815,0.000000,1,0.000000,0.000000,0.000000,0.000000,0.000000,0,0
430,0.041962,0.000000,0.039339,0.017405,0.017405,0.003815,0.000000,1,0.000000,0.000000,0.000000,0.000000,0.000000,0,0
431,0.049353,0.000000,0.046968,0.018358,0.018358,0.003815,0.000000,1,0.000000,0.000000,0.000000,0.000000,0.000000,0,0
432,0.074863,0.000000,0.072002,0.017166,0.017166,0.021935,0.000000,1,0.000000,0.000000,0.000000,0.000000,0.000000,0,0
433,0.080585,0.000000,0.077724,0.034571,0.034571,0.024080,0.000000,1,0.000000,0.000000,0.000000,0.000000,0.000000,0,0
434,0.041962,0.000000,0.039816,0.017405,0.017405,0.003576,0.000000,1,0.000000,0.000000,0.000000,0.000000,0.000000,0,0
435,0.041246,0.000000,0.039101,0.016689,0.016689,0.004053,0.000000,1,0.000000,0.000000,0.000000,0.000000,0.000000,0,0
436,0.041723,0.000000,0.039101,0.017166,0.016689,0.003338,0.000000,1,0.000000,0.000000,0.000000,0.000000,0.000000,0,0
437,0.061035,0.000000,0.058889,0.036955,0.036955,0.003576,0.000000,1,0.000000,0.000000,0.000000,0.000000,0.000000,0,0
438,0.121593,0.000000,0.118494,0.055790,0.055552,0.005960,0.000000,1,0.000000,0.000000,0.000000,0.000000,0.000000,0,0
439,0.089645,0.000000,0.086546,0.018597,0.018120,0.005007,0.000000,1,0.000000,0.000000,0.000000,0.000000,0.000000,0,0
440,0.121832,0.000000,0.119209,0.083208,0.083208,0.017166,0.000000,1,0.000000,0.000000,0.000000,0.000000,0.000000,0,0
441,0.042915,0.000000,0.040293,0.017405,0.017405,0.004053,0.000000,1,0.000000,0.000000,0.000000,0.000000,0.000000,0,0
442,0.086546,0.000000,0.083923,0.017166,0.017166,0.003815,0.000000,1,0.000000,0.000000,0.000000,0.000000,0.000000,0,0
443,0.041008,0.000000,0.038624,0.017166,0.017166,0.003576,0.000000,1,0.000000,0.000000,0.000000,0.000000,0.000000,0,0
444,0.041008,0.000000,0.038385,0.017166,0.017166,0.003576,0.000000,1,0.000000,0.000000,0.000000,0.000000,0.000000,0,0
445,0.041008,0.000000,0.038385,0.017166,0.016928,0.003576,0.000000,1,0.000000,0.000000,0.000000,0.000000,0.000000,0,0
446,0.041246,0.000000,0.039101,0.017166,0.017166,0.003815,0.000000,1,0.000000,0.000000,0.000000,0.000000,0.000000,0,0
447,0.038624,0.000000,0.036240,0.015020,0.015020,0.003576,0.000000,1,0.000000,0.000000,0.000000,0.000000,0.000000,0,0
448,0.040770,0.000000,0.038624,0.017166,0.016928,0.003338,0.000000,1,0.000000,0.000000,0.000000,0.000000,0.000000,0,0
449,0.066280,0.000000,0.038862,0.017405,0.017405,0.003576,0.000000,1,0.000000,0.000000,0.000000,0.000000,0.000000,0,0
450,0.040531,0.000000,0.038385,0.017166,0.016928,0.003576,0.000000,1,0.000000,0.000000,0.000000,0.000000,0.000000,0,0
451,0.040770,0.000000,0.038385,0.017166,0.016928,0.003576,0.000000,1,0.000000,0.000000,0.000000,0.000000,0.000000,0,0
452,0.040770,0.000000,0.037909,0.016689,0.016689,0.003576,0.000000,1,0.000000,0.000000,0.000000,0.000000,0.000000,0,0
453,0.040293,0.000000,0.038385,0.016451,0.016451,0.003576,0.000000,1,0.000000,0.000000,0.000000,0.000000,0.000000,0,0
454,0.040293,0.000000,0.038147,0.016928,0.016689,0.003576,0.000000,1,0.000000,0.000000,0.000000,0.000000,0.000000,0,0
455,7.830381,0.000000,7.827997,7.804394,5.036592,0.003815,0.000000,1,0.000000,0.000000,0.000000,0.000000,0.000000,0,0
456,12.264252,0.000000,12.259245,12.224436,9.376764,0.006199,0.000000,1,0.000000,0.000000,0.000000,0.000000,0.000000,0,0
457,0.109911,0.000000,0.103235,0.068665,0.068665,0.007153,0.000000,1,0.000000,0.000000,0.000000,0.000000,0.000000,0,0
458,0.045300,0.000000,0.041962,0.015497,0.015497,0.004292,0.000000,1,0.000000,0.000000,0.000000,0.000000,0.000000,0,0
459,0.041723,0.000000,0.039101,0.014544,0.014544,0.003815,0.000000,1,0.000000,0.000000,0.000000,0.000000,0.000000,0,0
460,0.069141,0.000000,0.066519,0.014782,0.014544,0.004053,0.000000,1,0.000000,0.000000,0.000000,0.000000,0.000000,0,0
461,0.061512,0.000000,0.058889,0.035524,0.035286,0.003815,0.000000,1,0.000000,0.000000,0.000000,0.000000,0.000000,0,0
462,0.075817,0.000000,0.072718,0.014544,0.014544,0.024557,0.000000,1,0.000000,0.000000,0.000000,0.000000,0.000000,0,0
463,0.059605,0.000000,0.057220,0.014544,0.014305,0.022888,0.000000,1,0.000000,0.000000,0.000000,0.000000,0.000000,0,0
464,0.041008,0.000000,0.038624,0.014544,0.014305,0.004053,0.000000,1,0.000000,0.000000,0.000000,0.000000,0.000000,0,0
465,0.040293,0.000000,0.037670,0.014305,0.014067,0.003815,0.000000,1,0.000000,0.000000,0.000000,0.000000,0.000000,0,0
466,0.039577,0.000000,0.036955,0.014067,0.013828,0.003815,0.000000,1,0.000000,0.000000,0.000000,0.000000,0.000000,0,0
467,0.039816,0.000000,0.037432,0.014305,0.014305,0.003815,0.000000,1,0.000000,0.000000,0.000000,0.000000,0.000000,0,0
468,0.063658,0.000000,0.061035,0.037193,0.037193,0.004053,0.000000,1,0.000000,0.000000,0.000000,0.000000,0.000000,0,0
469,0.040531,0.000000,0.037670,0.014782,0.014782,0.004053,0.000000,1,0.000000,0.000000,0.000000,0.000000,0.000000,0,0
470,0.039816,0.000000,0.037193,0.014305,0.014305,0.004053,0.000000,1,0.000000,0.000000,0.000000,0.000000,0.000000,0,0
471,0.039101,0.000000,0.036716,0.014067,0.014067,0.003576,0.000000,1,0.000000,0.000000,0.000000,0.000000,0.000000,0,0
472,0.039577,0.000000,0.036955,0.014067,0.014067,0.003815,0.000000,1,0.000000,0.000000,0.000000,0.000000,0.000000,0,0
473,0.039101,0.000000,0.036478,0.014067,0.013828,0.003815,0.000238,1,0.000000,0.000000,0.000000,0.000000,0.000000,0,0
474,0.039339,0.000000,0.036716,0.014067,0.014067,0.003576,0.000000,1,0.000000,0.000000,0.000000,0.000000,0.000000,0,0
475,0.039577,0.000000,0.036478,0.014067,0.014067,0.003576,0.000000,1,0.000000,0.000000,0.000000,0.000000,0.000000,0,0
476,0.038862,0.000000,0.036478,0.014067,0.013828,0.004053,0.000000,1,0.000000,0.000000,0.000000,0.000000,0.000000,0,0
477,0.039816,0.000000,0.036955,0.014305,0.014305,0.004053,0.000000,1,0.000000,0.000000,0.000000,0.000000,0.000000,0,0
478,0.039816,0.000000,0.036955,0.013828,0.013828,0.004053,0.000000,1,0.000000,0.000000,0.000000,0.000000,0.000000,0,0
479,0.063658,0.000000,0.061035,0.038862,0.038624,0.003815,0.000000,1,0.000000,0.000000,0.000000,0.000000,0.000000,0,0
480,0.039339,0.000000,0.036955,0.014067,0.014067,0.003815,0.000000,1,0.000000,0.000000,0.000000,0.000000,0.000000,0,0
481,0.038624,0.000000,0.036001,0.013828,0.013828,0.003815,0.000000,1,0.000000,0.000000,0.000000,0.000000,0.000000,0,0
482,0.041962,0.000000,0.039816,0.017643,0.017405,0.003338,0.000000,1,0.000000,0.000000,0.000000,0.000000,0.000000,0,0
483,0.037193,0.000000,0.034332,0.013113,0.012875,0.003338,0.000000,1,0.000000,0.000000,0.000000,0.000000,0.000000,0,0
484,0.036478,0.000000,0.034094,0.012875,0.012875,0.003099,0.000000,1,0.000000,0.000000,0.000000,0.000000,0.000000,0,0
485,0.048399,0.000000,0.045776,0.022650,0.022650,0.003576,0.000000,1,0.000000,0.000000,0.000000,0.000000,0.000000,0,0
486,0.059366,0.000000,0.056744,0.033140,0.032902,0.003815,0.000000,1,0.000000,0.000000,0.000000,0.000000,0.000000,0,0
487,0.043869,0.000000,0.041485,0.018597,0.018597,0.003576,0.000000,1,0.000000,0.000000,0.000000,0.000000,0.000000,0,0
488,0.043869,0.000000,0.041246,0.018358,0.018358,0.003815,0.000000,1,0.000000,0.000000,0.000000,0.000000,0.000000,0,0
489,0.043869,0.000000,0.041246,0.018597,0.018597,0.003576,0.000000,1,0.000000,0.000000,0.000000,0.000000,0.000000,0,0
490,14.242887,0.000000,14.240265,14.217377,11.238098,0.003576,0.000238,1,0.000000,0.000000,0.000000,0.000000,0.000000,0,0
491,0.065088,0.000000,0.059843,0.026226,0.025988,0.006914,0.000000,1,0.000000,0.000000,0.000000,0.000000,0.000000,0,0
492,0.048161,0.000000,0.045300,0.019312,0.019073,0.004292,0.000000,1,0.000000,0.000000,0.000000,0.000000,0.000000,0,0
493,0.045776,0.000000,0.042915,0.019073,0.018835,0.003815,0.000000,1,0.000000,0.000000,0.000000,0.000000,0.000000,0,0
494,0.045776,0.000000,0.043392,0.019073,0.019073,0.004053,0.000000,1,0.000000,0.000000,0.000000,0.000000,0.000000,0,0
495,13.927221,0.000000,13.924360,13.899803,11.089325,0.003576,0.000000,1,0.000000,0.000000,0.000000,0.000000,0.000000,0,0
496,0.109673,0.000000,0.102758,0.069141,0.068903,0.006914,0.000000,1,0.000000,0.000000,0.000000,0.000000,0.000000,0,0
497,0.049829,0.000000,0.046253,0.020266,0.020266,0.004292,0.000238,1,0.000000,0.000000,0.000000,0.000000,0.000000,0,0
498,0.047445,0.000000,0.044584,0.019550,0.019550,0.004768,0.000000,1,0.000000,0.000000,0.000000,0.000000,0.000000,0,0
499,0.089645,0.000000,0.086546,0.019550,0.019550,0.003815,0.000000,1,0.000000,0.000000,0.000000,0.000000,0.000000,0,0
500,0.037193,0.000000,0.034094,0.011444,0.011444,0.003815,0.000000,1,0.000000,0.000000,0.000000,0.000000,0.000000,0,0
501,0.046015,0.000000,0.043392,0.020027,0.020027,0.004053,0.000000,1,0.000000,0.000000,0.000000,0.000000,0.000000,0,0
502,0.044584,0.000000,0.042439,0.019312,0.018835,0.004292,0.000000,1,0.000000,0.000000,0.000000,0.000000,0.000000,0,0
503,0.035286,0.000000,0.032663,0.010729,0.010729,0.003576,0.000000,1,0.000000,0.000000,0.000000,0.000000,0.000000,0,0
504,0.044584,0.000000,0.041962,0.019312,0.019312,0.003815,0.000000,1,0.000000,0.000000,0.000000,0.000000,0.000000,0,0
505,0.044584,0.000000,0.041723,0.019312,0.019312,0.003815,0.000000,1,0.000000,0.000000,0.000000,0.000000,0.000000,0,0
506,0.044584,0.000000,0.041962,0.018835,0.018835,0.004053,0.000000,1,0.000000,0.000000,0.000000,0.000000,0.000000,0,0
507,0.053644,0.000000,0.051260,0.018835,0.018597,0.004053,0.000000,1,0.000000,0.000000,0.000000,0.000000,0.000000,0,0
508,0.039816,0.000000,0.036955,0.014782,0.014782,0.003338,0.000000,1,0.000000,0.000000,0.000000,0.000000,0.000000,0,0
509,0.038385,0.000000,0.035524,0.013828,0.013828,0.003576,0.000000,1,0.000000,0.000000,0.000000,0.000000,0.000000,0,0
510,0.044823,0.000000,0.042200,0.019550,0.019312,0.003815,0.000000,1,0.000000,0.000000,0.000000,0.000000,0.000000,0,0
511,0.068188,0.000000,0.036240,0.014544,0.014544,0.003576,0.000000,1,0.000000,0.000000,0.000000,0.000000,0.000000,0,0
512,0.035048,0.000000,0.032663,0.010967,0.010967,0.003576,0.000000,1,0.000000,0.000000,0.000000,0.000000,0.000000,0,0
513,0.037432,0.000000,0.035286,0.013828,0.013828,0.003576,0.000000,1,0.000000,0.000000,0.000000,0.000000,0.000000,0,0
514,0.044823,0.000000,0.042200,0.019550,0.019550,0.003815,0.000000,1,0.000000,0.000000,0.000000,0.000000,0.000000,0,0
515,0.043869,0.000000,0.041723,0.018835,0.018835,0.003815,0.000000,1,0.000000,0.000000,0.000000,0.000000,0.000000,0,0
516,0.044346,0.000000,0.041723,0.019073,0.019073,0.004053,0.000000,1,0.000000,0.000000,0.000000,0.000000,0.000000,0,0
517,0.044346,0.000000,0.041723,0.019073,0.019073,0.003815,0.000238,1,0.000000,0.000000,0.000000,0.000000,0.000000,0,0
518,0.042439,0.000000,0.040293,0.018835,0.018835,0.003576,0.000000,1,0.000000,0.000000,0.000000,0.000000,0.000000,0,0
519,0.034332,0.000000,0.031471,0.010729,0.010729,0.003338,0.000238,1,0.000000,0.000000,0.000000,0.000000,0.000000,0,0
520,0.043154,0.000000,0.040770,0.019073,0.019073,0.003338,0.000000,1,0.000000,0.000000,0.000000,0.000000,0.000000,0,0
521,0.042915,0.000000,0.040770,0.018597,0.018597,0.003576,0.000000,1,0.000000,0.000000,0.000000,0.000000,0.000000,0,0
522,0.062943,0.000000,0.060797,0.019550,0.019550,0.022888,0.000000,1,0.000000,0.000000,0.000000,0.000000,0.000000,0,0
523,0.042915,0.000000,0.040531,0.018835,0.018835,0.003576,0.000000,1,0.000000,0.000000,0.000000,0.000000,0.000000,0,0
524,0.042915,0.000000,0.040531,0.019073,0.018597,0.003576,0.000000,1,0.000000,0.000000,0.000000,0.000000,0.000000,0,0
525,0.042439,0.000000,0.040054,0.018358,0.018358,0.003576,0.000000,1,0.000000,0.000000,0.000000,0.000000,0.000000,0,0
526,0.034332,0.000000,0.031710,0.010490,0.010490,0.003576,0.000000,1,0.000000,0.000000,0.000000,0.000000,0.000000,0,0
527,0.043392,0.000000,0.041008,0.019073,0.019073,0.003576,0.000000,1,0.000000,0.000000,0.000000,0.000000,0.000000,0,0
528,0.043154,0.000000,0.041008,0.018597,0.018597,0.003338,0.000000,1,0.000000,0.000000,0.000000,0.000000,0.000000,0,0
529,0.034332,0.000000,0.031710,0.010729,0.010490,0.003338,0.000000,1,0.000000,0.000000,0.000000,0.000000,0.000000,0,0
530,0.042915,0.000000,0.040531,0.018835,0.018835,0.003576,0.000238,1,0.000000,0.000000,0.000000,0.000000,0.000000,0,0
531,0.042915,0.000000,0.040531,0.018597,0.018597,0.003576,0.000000,1,0.000000,0.000000,0.000000,0.000000,0.000000,0,0
532,0.057459,0.000000,0.054598,0.018835,0.018835,0.003576,0.000000,1,0.000000,0.000000,0.000000,0.000000,0.000000,0,0
533,0.078917,0.000000,0.060320,0.038147,0.038147,0.003576,0.000000,1,0.000000,0.000000,0.000000,0.000000,0.000000,0,0
534,0.078917,0.000000,0.076532,0.033140,0.033140,0.003815,0.000000,1,0.000000,0.000000,0.000000,0.000000,0.000000,0,0
535,0.048876,0.000000,0.046492,0.010490,0.010490,0.003338,0.000000,1,0.000000,0.000000,0.000000,0.000000,0.000000,0,0
536,0.084639,0.000000,0.082016,0.020266,0.020027,0.023365,0.000000,1,0.000000,0.000000,0.000000,0.000000,0.000000,0,0
537,0.111103,0.000000,0.108480,0.033379,0.033379,0.003576,0.000477,1,0.000000,0.000000,0.000000,0.000000,0.000000,0,0
538,0.064373,0.000000,0.061989,0.019550,0.019550,0.023603,0.000000,1,0.000000,0.000000,0.000000,0.000000,0.000000,0,0
539,0.078440,0.000000,0.076294,0.019312,0.019073,0.004053,0.000000,1,0.000000,0.000000,0.000000,0.000000,0.000000,0,0
540,0.102282,0.000000,0.099897,0.055790,0.055790,0.003815,0.000000,1,0.000000,0.000000,0.000000,0.000000,0.000000,0,0
541,0.098467,0.000000,0.096321,0.054121,0.053883,0.003815,0.000000,1,0.000000,0.000000,0.000000,0.000000,0.000000,0,0
542,0.044346,0.000000,0.042200,0.019550,0.019550,0.003815,0.000000,1,0.000000,0.000000,0.000000,0.000000,0.000000,0,0
543,0.088692,0.000000,0.086546,0.063419,0.063419,0.003815,0.000000,1,0.000000,0.000000,0.000000,0.000000,0.000000,0,0
544,0.043392,0.000000,0.040770,0.018835,0.018835,0.003815,0.000000,1,0.000000,0.000000,0.000000,0.000000,0.000000,0,0
545,0.042677,0.000000,0.040531,0.018597,0.018597,0.003815,0.000000,1,0.000000,0.000000,0.000000,0.000000,0.000000,0,0
546,0.042439,0.000000,0.040293,0.018597,0.018597,0.003576,0.000000,1,0.000000,0.000000,0.000000,0.000000,0.000000,0,0
547,0.034571,0.000000,0.031948,0.010729,0.010729,0.003576,0.000000,1,0.000000,0.000000,0.000000,0.000000,0.000000,0,0
548,0.130177,0.000000,0.097752,0.060797,0.060797,0.003815,0.000000,1,0.000000,0.000000,0.000000,0.000000,0.000000,0,0
549,0.116825,0.000000,0.114679,0.053644,0.053644,0.003576,0.000000,1,0.000000,0.000000,0.000000,0.000000,0.000000,0,0
550,0.043154,0.000000,0.040770,0.018835,0.018597,0.003576,0.000000,1,0.000000,0.000000,0.000000,0.000000,0.000000,0,0
551,0.042677,0.000000,0.040293,0.018835,0.018597,0.003576,0.000000,1,0.000000,0.000000,0.000000,0.000000,0.000000,0,0
552,0.042915,0.000000,0.040531,0.018358,0.018358,0.003815,0.000000,1,0.000000,0.000000,0.000000,0.000000,0.000000,0,0
553,0.041962,0.000000,0.039816,0.018597,0.018358,0.003576,0.000000,1,0.000000,0.000000,0.000000,0.000000,0.000000,0,0
554,0.051975,0.000000,0.049591,0.028849,0.028610,0.003338,0.000000,1,0.000000,0.000000,0.000000,0.000000,0.000000,0,0
555,0.042915,0.000000,0.040770,0.018835,0.018597,0.003815,0.000000,1,0.000000,0.000000,0.000000,0.000000,0.000000,0,0
556,0.042439,0.000000,0.040531,0.018597,0.018358,0.003338,0.000000,1,0.000000,0.000000,0.000000,0.000000,0.000000,0,0
557,0.042200,0.000000,0.040054,0.018597,0.018120,0.003576,0.000000,1,0.000000,0.000000,0.000000,0.000000,0.000000,0,0
558,0.042439,0.000000,0.040293,0.018597,0.018597,0.003576,0.000000,1,0.000000,0.000000,0.000000,0.000000,0.000000,0,0
559,0.042677,0.000000,0.040531,0.018835,0.018597,0.003576,0.000000,1,0.000000,0.000000,0.000000,0.000000,0.000000,0,0
560,0.041962,0.000000,0.039577,0.018358,0.018358,0.003576,0.000000,1,0.000000,0.000000,0.000000,0.000000,0.000000,0,0
561,0.042200,0.000000,0.040054,0.018597,0.018358,0.003338,0.000000,1,0.000000,0.000000,0.000000,0.000000,0.000000,0,0
562,0.042200,0.000000,0.039816,0.018358,0.018358,0.003576,0.000000,1,0.000000,0.000000,0.000000,0.000000,0.000000,0,0
563,0.041962,0.000000,0.040293,0.018835,0.018597,0.003576,0.000000,1,0.000000,0.000000,0.000000,0.000000,0.000000,0,0
564,0.041962,0.000000,0.040054,0.018597,0.018597,0.003576,0.000000,1,0.000000,0.000000,0.000000,0.000000,0.000000,0,0
565,0.063419,0.000000,0.061512,0.019073,0.019073,0.003338,0.000000,1,0.000000,0.000000,0.000000,0.000000,0.000000,0,0
566,0.056982,0.000000,0.054598,0.032425,0.032425,0.003576,0.000000,1,0.000000,0.000000,0.000000,0.000000,0.000000,0,0
567,0.041962,0.000000,0.039816,0.018120,0.018120,0.003815,0.000000,1,0.000000,0.000000,0.000000,0.000000,0.000000,0,0
568,0.041962,0.000000,0.039816,0.018597,0.018597,0.003099,0.000000,1,0.000000,0.000000,0.000000,0.000000,0.000000,0,0
569,0.041962,0.000000,0.040054,0.018835,0.018358,0.003576,0.000000,1,0.000000,0.000000,0.000000,0.000000,0.000000,0,0
570,0.041962,0.000000,0.039816,0.018358,0.018358,0.003576,0.000000,1,0.000000,0.000000,0.000000,0.000000,0.000000,0,0
571,0.042200,0.000000,0.040054,0.018597,0.018597,0.003576,0.000000,1,0.000000,0.000000,0.000000,0.000000,0.000000,0,0
572,0.041962,0.000000,0.039816,0.018597,0.018358,0.003338,0.000000,1,0.000000,0.000000,0.000000,0.000000,0.000000,0,0
573,0.041962,0.000000,0.039816,0.018835,0.018835,0.003576,0.000000,1,0.000000,0.000000,0.000000,0.000000,0.000000,0,0
574,0.034094,0.000000,0.031233,0.010729,0.010490,0.003338,0.000000,1,0.000000,0.000000,0.000000,0.000000,0.000000,0,0
575,0.040770,0.000000,0.038147,0.016451,0.016451,0.003576,0.000000,1,0.000000,0.000000,0.000000,0.000000,0.000000,0,0
576,8.070469,0.000000,8.067846,8.024216,5.089521,0.024080,0.000000,1,0.000000,0.000000,0.000000,0.000000,0.000000,0,0
577,0.055075,0.000000,0.050068,0.017405,0.017405,0.005960,0.000000,1,0.000000,0.000000,0.000000,0.000000,0.000000,0,0
578,0.040770,0.000000,0.037909,0.012398,0.012398,0.004053,0.000000,1,0.000000,0.000000,0.000000,0.000000,0.000000,0,0
579,0.041246,0.000000,0.038624,0.014305,0.014305,0.003815,0.000000,1,0.000000,0.000000,0.000000,0.000000,0.000000,0,0
580,0.039339,0.000000,0.037193,0.014067,0.014067,0.004053,0.000000,1,0.000000,0.000000,0.000000,0.000000,0.000000,0,0
581,0.041962,0.000000,0.039577,0.016689,0.016689,0.003576,0.000000,1,0.000000,0.000000,0.000000,0.000000,0.000000,0,0
582,0.041246,0.000000,0.038862,0.015974,0.015974,0.004053,0.000000,1,0.000000,0.000000,0.000000,0.000000,0.000000,0,0
583,0.041008,0.000000,0.038624,0.016212,0.015974,0.004053,0.000000,1,0.000000,0.000000,0.000000,0.000000,0.000000,0,0
584,0.041008,0.000000,0.038624,0.016451,0.016451,0.003338,0.000000,1,0.000000,0.000000,0.000000,0.000000,0.000000,0,0
585,9.798765,0.000000,9.796143,9.747744,6.996155,0.003338,0.000000,1,0.000000,0.000000,0.000000,0.000000,0.000000,0,0
586,0.056744,0.000000,0.051260,0.018358,0.018358,0.006437,0.000000,1,0.000000,0.000000,0.000000,0.000000,0.000000,0,0
587,0.043869,0.000000,0.040770,0.014782,0.014782,0.004292,0.000000,1,0.000000,0.000000,0.000000,0.000000,0.000000,0,0
588,0.044346,0.000000,0.041723,0.017166,0.017166,0.003815,0.000000,1,0.000000,0.000000,0.000000,0.000000,0.000000,0,0
589,0.037432,0.000000,0.035286,0.011921,0.011683,0.003815,0.000000,1,0.000000,0.000000,0.000000,0.000000,0.000000,0,0
590,0.042200,0.000000,0.039816,0.016689,0.016689,0.003815,0.000000,1,0.000000,0.000000,0.000000,0.000000,0.000000,0,0
591,0.040054,0.000000,0.037432,0.014782,0.014782,0.003815,0.000000,1,0.000000,0.000000,0.000000,0.000000,0.000000,0,0
592,9.815693,0.000000,9.813070,9.787798,7.109642,0.004053,0.000000,1,0.000000,0.000000,0.000000,0.000000,0.000000,0,0
593,0.059605,0.000000,0.054598,0.021219,0.021219,0.006437,0.000000,1,0.000000,0.000000,0.000000,0.000000,0.000000,0,0
