ADD,ipv4,10.0.0.1/32#32,11#48;1#9,0
ADD,ethernet,11#48,1#9,0
ADD,punt,0&0#16;1#1;0&0#4;0&0#32;0&0#32;0#8,,0
ADD,ethernet,22#48,2#9,0
ADD,ethernet,33#48,3#9,0
ADD,ethernet,44#48,4#9,0
ADD,ethernet,55#48,5#9,0
ADD,ethernet,66#48,6#9,0
ADD,ethernet,77#48,7#9,0
ADD,ethernet,88#48,8#9,0
ADD,ethernet,99#48,9#9,0
ADD,ethernet,1010#48,10#9,0
ADD,ethernet,1111#48,11#9,0
ADD,ethernet,1212#48,12#9,0
ADD,ethernet,1313#48,13#9,0
ADD,ethernet,1414#48,14#9,0
ADD,ethernet,1515#48,15#9,0
ADD,ethernet,1616#48,16#9,0
ADD,ethernet,1717#48,17#9,0
ADD,ethernet,1818#48,18#9,0
ADD,ethernet,1919#48,19#9,0
ADD,ethernet,2020#48,20#9,0
ADD,ethernet,2121#48,21#9,0
ADD,ethernet,2222#48,22#9,0
ADD,ethernet,2323#48,23#9,0
ADD,ethernet,2424#48,24#9,0
ADD,ethernet,2525#48,25#9,0
ADD,ethernet,2626#48,26#9,0
ADD,ethernet,2727#48,27#9,0
ADD,ethernet,2828#48,28#9,0
ADD,ethernet,2929#48,29#9,0
ADD,ethernet,3030#48,30#9,0
ADD,ethernet,3131#48,31#9,0
ADD,ethernet,3232#48,32#9,0
ADD,ethernet,3333#48,33#9,0
ADD,ethernet,3434#48,34#9,0
ADD,ethernet,3535#48,35#9,0
ADD,ethernet,3636#48,36#9,0
ADD,ethernet,3737#48,37#9,0
ADD,ethernet,3838#48,38#9,0
ADD,ethernet,3939#48,39#9,0
ADD,ethernet,4040#48,40#9,0
ADD,ethernet,4141#48,41#9,0
ADD,ethernet,4242#48,42#9,0
ADD,ethernet,4343#48,43#9,0
ADD,ethernet,4444#48,44#9,0
ADD,ethernet,4545#48,45#9,0
ADD,ethernet,4646#48,46#9,0
ADD,ethernet,4747#48,47#9,0
ADD,ethernet,4848#48,48#9,0
ADD,ethernet,4949#48,49#9,0
ADD,ethernet,5050#48,50#9,0
ADD,ethernet,5151#48,51#9,0
ADD,ethernet,5252#48,52#9,0
ADD,ethernet,5353#48,53#9,0
ADD,ethernet,5454#48,54#9,0
ADD,ethernet,5555#48,55#9,0
ADD,ethernet,5656#48,56#9,0
ADD,ethernet,5757#48,57#9,0
ADD,ethernet,5858#48,58#9,0
ADD,ethernet,5959#48,59#9,0
ADD,ethernet,6060#48,60#9,0
ADD,ethernet,6161#48,61#9,0
ADD,ethernet,6262#48,62#9,0
ADD,ethernet,6363#48,63#9,0
ADD,ethernet,6464#48,64#9,0
ADD,ethernet,6565#48,65#9,0
ADD,ethernet,6666#48,66#9,0
ADD,ethernet,6767#48,67#9,0
ADD,ethernet,6868#48,68#9,0
ADD,ethernet,6969#48,69#9,0
ADD,ethernet,7070#48,70#9,0
ADD,ethernet,7171#48,71#9,0
ADD,ethernet,7272#48,72#9,0
ADD,ethernet,7373#48,73#9,0
ADD,ethernet,7474#48,74#9,0
ADD,ethernet,7575#48,75#9,0
ADD,ethernet,7676#48,76#9,0
ADD,ethernet,7777#48,77#9,0
ADD,ethernet,7878#48,78#9,0
ADD,ethernet,7979#48,79#9,0
ADD,ethernet,8080#48,80#9,0
ADD,ethernet,8181#48,81#9,0
ADD,ethernet,8282#48,82#9,0
ADD,ethernet,8383#48,83#9,0
ADD,ethernet,8484#48,84#9,0
ADD,ethernet,8585#48,85#9,0
ADD,ethernet,8686#48,86#9,0
ADD,ethernet,8787#48,87#9,0
ADD,ethernet,8888#48,88#9,0
ADD,ethernet,8989#48,89#9,0
ADD,ethernet,9090#48,90#9,0
ADD,ethernet,9191#48,91#9,0
ADD,ethernet,9292#48,92#9,0
ADD,ethernet,9393#48,93#9,0
ADD,ethernet,9494#48,94#9,0
ADD,ethernet,9595#48,95#9,0
ADD,ethernet,9696#48,96#9,0
ADD,ethernet,9797#48,97#9,0
ADD,ethernet,9898#48,98#9,0
ADD,ethernet,9999#48,99#9,0
ADD,ethernet,100100#48,100#9,0
ADD,ethernet,101101#48,101#9,0
ADD,ethernet,102102#48,102#9,0
ADD,ethernet,103103#48,103#9,0
ADD,ethernet,104104#48,104#9,0
ADD,ethernet,105105#48,105#9,0
ADD,ethernet,106106#48,106#9,0
ADD,ethernet,107107#48,107#9,0
ADD,ethernet,108108#48,108#9,0
ADD,ethernet,109109#48,109#9,0
ADD,ethernet,110110#48,110#9,0
ADD,ethernet,111111#48,111#9,0
ADD,ethernet,112112#48,112#9,0
ADD,ethernet,113113#48,113#9,0
ADD,ethernet,114114#48,114#9,0
ADD,ethernet,115115#48,115#9,0
ADD,ethernet,116116#48,116#9,0
ADD,ethernet,117117#48,117#9,0
ADD,ethernet,118118#48,118#9,0
ADD,ethernet,119119#48,119#9,0
ADD,ethernet,120120#48,120#9,0
ADD,ethernet,121121#48,121#9,0
ADD,ethernet,122122#48,122#9,0
ADD,ethernet,123123#48,123#9,0
ADD,ethernet,124124#48,124#9,0
ADD,ethernet,125125#48,125#9,0
ADD,ethernet,126126#48,126#9,0
ADD,ethernet,127127#48,127#9,0
ADD,ethernet,128128#48,128#9,0
ADD,ethernet,129129#48,129#9,0
ADD,ethernet,130130#48,130#9,0
ADD,ethernet,131131#48,131#9,0
ADD,ethernet,132132#48,132#9,0
ADD,ethernet,133133#48,133#9,0
ADD,ethernet,134134#48,134#9,0
ADD,ethernet,135135#48,135#9,0
ADD,ethernet,136136#48,136#9,0
ADD,ethernet,137137#48,137#9,0
ADD,ethernet,138138#48,138#9,0
ADD,ethernet,139139#48,139#9,0
ADD,ethernet,140140#48,140#9,0
ADD,ethernet,141141#48,141#9,0
ADD,ethernet,142142#48,142#9,0
ADD,ethernet,143143#48,143#9,0
ADD,ethernet,144144#48,144#9,0
ADD,ethernet,145145#48,145#9,0
ADD,ethernet,146146#48,146#9,0
ADD,ethernet,147147#48,147#9,0
ADD,ethernet,148148#48,148#9,0
ADD,ethernet,149149#48,149#9,0
ADD,ethernet,150150#48,150#9,0
ADD,ethernet,151151#48,151#9,0
ADD,ethernet,152152#48,152#9,0
ADD,ethernet,153153#48,153#9,0
ADD,ethernet,154154#48,154#9,0
ADD,ethernet,155155#48,155#9,0
ADD,ethernet,156156#48,156#9,0
ADD,ethernet,157157#48,157#9,0
ADD,ethernet,158158#48,158#9,0
ADD,ethernet,159159#48,159#9,0
ADD,ethernet,160160#48,160#9,0
ADD,ethernet,161161#48,161#9,0
ADD,ethernet,162162#48,162#9,0
ADD,ethernet,163163#48,163#9,0
ADD,ethernet,164164#48,164#9,0
ADD,ethernet,165165#48,165#9,0
ADD,ethernet,166166#48,166#9,0
ADD,ethernet,167167#48,167#9,0
ADD,ethernet,168168#48,168#9,0
ADD,ethernet,169169#48,169#9,0
ADD,ethernet,170170#48,170#9,0
ADD,ethernet,171171#48,171#9,0
ADD,ethernet,172172#48,172#9,0
ADD,ethernet,173173#48,173#9,0
ADD,ethernet,174174#48,174#9,0
ADD,ethernet,175175#48,175#9,0
ADD,ethernet,176176#48,176#9,0
ADD,ethernet,177177#48,177#9,0
ADD,ethernet,178178#48,178#9,0
ADD,ethernet,179179#48,179#9,0
ADD,ethernet,180180#48,180#9,0
ADD,ethernet,181181#48,181#9,0
ADD,ethernet,182182#48,182#9,0
ADD,ethernet,183183#48,183#9,0
ADD,ethernet,184184#48,184#9,0
ADD,ethernet,185185#48,185#9,0
ADD,ethernet,186186#48,186#9,0
ADD,ethernet,187187#48,187#9,0
ADD,ethernet,188188#48,188#9,0
ADD,ethernet,189189#48,189#9,0
ADD,ethernet,190190#48,190#9,0
ADD,ethernet,191191#48,191#9,0
ADD,ethernet,192192#48,192#9,0
ADD,ethernet,193193#48,193#9,0
ADD,ethernet,194194#48,194#9,0
ADD,ethernet,195195#48,195#9,0
ADD,ethernet,196196#48,196#9,0
ADD,ethernet,197197#48,197#9,0
ADD,ethernet,198198#48,198#9,0
ADD,ethernet,199199#48,199#9,0
ADD,ethernet,200200#48,200#9,0
ADD,ethernet,201201#48,201#9,0
ADD,ethernet,202202#48,202#9,0
ADD,ethernet,203203#48,203#9,0
ADD,ethernet,204204#48,204#9,0
ADD,ethernet,205205#48,205#9,0
ADD,ethernet,206206#48,206#9,0
ADD,ethernet,207207#48,207#9,0
ADD,ethernet,208208#48,208#9,0
ADD,ethernet,209209#48,209#9,0
ADD,ethernet,210210#48,210#9,0
ADD,ethernet,211211#48,211#9,0
ADD,ethernet,212212#48,212#9,0
ADD,ethernet,213213#48,213#9,0
ADD,ethernet,214214#48,214#9,0
ADD,ethernet,215215#48,215#9,0
ADD,ethernet,216216#48,216#9,0
ADD,ethernet,217217#48,217#9,0
ADD,ethernet,218218#48,218#9,0
ADD,ethernet,219219#48,219#9,0
ADD,ethernet,220220#48,220#9,0
ADD,ethernet,221221#48,221#9,0
ADD,ethernet,222222#48,222#9,0
ADD,ethernet,223223#48,223#9,0
ADD,ethernet,224224#48,224#9,0
ADD,ethernet,225225#48,225#9,0
ADD,ethernet,226226#48,226#9,0
ADD,ethernet,227227#48,227#9,0
ADD,ethernet,228228#48,228#9,0
ADD,ethernet,229229#48,229#9,0
ADD,ethernet,230230#48,230#9,0
ADD,ethernet,231231#48,231#9,0
ADD,ethernet,232232#48,232#9,0
ADD,ethernet,233233#48,233#9,0
ADD,ethernet,234234#48,234#9,0
ADD,ethernet,235235#48,235#9,0
ADD,ethernet,236236#48,236#9,0
ADD,ethernet,237237#48,237#9,0
ADD,ethernet,238238#48,238#9,0
ADD,ethernet,239239#48,239#9,0
ADD,ethernet,240240#48,240#9,0
ADD,ethernet,241241#48,241#9,0
ADD,ethernet,242242#48,242#9,0
ADD,ethernet,243243#48,243#9,0
ADD,ethernet,244244#48,244#9,0
ADD,ethernet,245245#48,245#9,0
ADD,ethernet,246246#48,246#9,0
ADD,ethernet,247247#48,247#9,0
ADD,ethernet,248248#48,248#9,0
ADD,ethernet,249249#48,249#9,0
ADD,ethernet,250250#48,250#9,0
ADD,ethernet,251251#48,251#9,0
ADD,ethernet,252252#48,252#9,0
ADD,ethernet,253253#48,253#9,0
ADD,ethernet,254254#48,254#9,0
ADD,ethernet,255255#48,255#9,0
ADD,ethernet,256256#48,256#9,0
ADD,ethernet,257257#48,257#9,0
ADD,ethernet,258258#48,258#9,0
ADD,ethernet,259259#48,259#9,0
ADD,ethernet,260260#48,260#9,0
ADD,ethernet,261261#48,261#9,0
ADD,ethernet,262262#48,262#9,0
ADD,ethernet,263263#48,263#9,0
ADD,ethernet,264264#48,264#9,0
ADD,ethernet,265265#48,265#9,0
ADD,ethernet,266266#48,266#9,0
ADD,ethernet,267267#48,267#9,0
ADD,ethernet,268268#48,268#9,0
ADD,ethernet,269269#48,269#9,0
ADD,ethernet,270270#48,270#9,0
ADD,ethernet,271271#48,271#9,0
ADD,ethernet,272272#48,272#9,0
ADD,ethernet,273273#48,273#9,0
ADD,ethernet,274274#48,274#9,0
ADD,ethernet,275275#48,275#9,0
ADD,ethernet,276276#48,276#9,0
ADD,ethernet,277277#48,277#9,0
ADD,ethernet,278278#48,278#9,0
ADD,ethernet,279279#48,279#9,0
ADD,ethernet,280280#48,280#9,0
ADD,ethernet,281281#48,281#9,0
ADD,ethernet,282282#48,282#9,0
ADD,ethernet,283283#48,283#9,0
ADD,ethernet,284284#48,284#9,0
ADD,ethernet,285285#48,285#9,0
ADD,ethernet,286286#48,286#9,0
ADD,ethernet,287287#48,287#9,0
ADD,ethernet,288288#48,288#9,0
ADD,ethernet,289289#48,289#9,0
ADD,ethernet,290290#48,290#9,0
ADD,ethernet,291291#48,291#9,0
ADD,ethernet,292292#48,292#9,0
ADD,ethernet,293293#48,293#9,0
ADD,ethernet,294294#48,294#9,0
ADD,ethernet,295295#48,295#9,0
ADD,ethernet,296296#48,296#9,0
ADD,ethernet,297297#48,297#9,0
ADD,ethernet,298298#48,298#9,0
ADD,ethernet,299299#48,299#9,0
ADD,ethernet,300300#48,300#9,0
ADD,ethernet,301301#48,301#9,0
ADD,ethernet,302302#48,302#9,0
ADD,ethernet,303303#48,303#9,0
ADD,ethernet,304304#48,304#9,0
ADD,ethernet,305305#48,305#9,0
ADD,ethernet,306306#48,306#9,0
ADD,ethernet,307307#48,307#9,0
ADD,ethernet,308308#48,308#9,0
ADD,ethernet,309309#48,309#9,0
ADD,ethernet,310310#48,310#9,0
ADD,ethernet,311311#48,311#9,0
ADD,ethernet,312312#48,312#9,0
ADD,ethernet,313313#48,313#9,0
ADD,ethernet,314314#48,314#9,0
ADD,ethernet,315315#48,315#9,0
ADD,ethernet,316316#48,316#9,0
ADD,ethernet,317317#48,317#9,0
ADD,ethernet,318318#48,318#9,0
ADD,ethernet,319319#48,319#9,0
ADD,ethernet,320320#48,320#9,0
ADD,ethernet,321321#48,321#9,0
ADD,ethernet,322322#48,322#9,0
ADD,ethernet,323323#48,323#9,0
ADD,ethernet,324324#48,324#9,0
ADD,ethernet,325325#48,325#9,0
ADD,ethernet,326326#48,326#9,0
ADD,ethernet,327327#48,327#9,0
ADD,ethernet,328328#48,328#9,0
ADD,ethernet,329329#48,329#9,0
ADD,ethernet,330330#48,330#9,0
ADD,ethernet,331331#48,331#9,0
ADD,ethernet,332332#48,332#9,0
ADD,ethernet,333333#48,333#9,0
ADD,ethernet,334334#48,334#9,0
ADD,ethernet,335335#48,335#9,0
ADD,ethernet,336336#48,336#9,0
ADD,ethernet,337337#48,337#9,0
ADD,ethernet,338338#48,338#9,0
ADD,ethernet,339339#48,339#9,0
ADD,ethernet,340340#48,340#9,0
ADD,ethernet,341341#48,341#9,0
ADD,ethernet,342342#48,342#9,0
ADD,ethernet,343343#48,343#9,0
ADD,ethernet,344344#48,344#9,0
ADD,ethernet,345345#48,345#9,0
ADD,ethernet,346346#48,346#9,0
ADD,ethernet,347347#48,347#9,0
ADD,ethernet,348348#48,348#9,0
ADD,ethernet,349349#48,349#9,0
ADD,ethernet,350350#48,350#9,0
ADD,ethernet,351351#48,351#9,0
ADD,ethernet,352352#48,352#9,0
ADD,ethernet,353353#48,353#9,0
ADD,ethernet,354354#48,354#9,0
ADD,ethernet,355355#48,355#9,0
ADD,ethernet,356356#48,356#9,0
ADD,ethernet,357357#48,357#9,0
ADD,ethernet,358358#48,358#9,0
ADD,ethernet,359359#48,359#9,0
ADD,ethernet,360360#48,360#9,0
ADD,ethernet,361361#48,361#9,0
ADD,ethernet,362362#48,362#9,0
ADD,ethernet,363363#48,363#9,0
ADD,ethernet,364364#48,364#9,0
ADD,ethernet,365365#48,365#9,0
ADD,ethernet,366366#48,366#9,0
ADD,ethernet,367367#48,367#9,0
ADD,ethernet,368368#48,368#9,0
ADD,ethernet,369369#48,369#9,0
ADD,ethernet,370370#48,370#9,0
ADD,ethernet,371371#48,371#9,0
ADD,ethernet,372372#48,372#9,0
ADD,ethernet,373373#48,373#9,0
ADD,ethernet,374374#48,374#9,0
ADD,ethernet,375375#48,375#9,0
ADD,ethernet,376376#48,376#9,0
ADD,ethernet,377377#48,377#9,0
ADD,ethernet,378378#48,378#9,0
ADD,ethernet,379379#48,379#9,0
ADD,ethernet,380380#48,380#9,0
ADD,ethernet,381381#48,381#9,0
ADD,ethernet,382382#48,382#9,0
ADD,ethernet,383383#48,383#9,0
ADD,ethernet,384384#48,384#9,0
ADD,ethernet,385385#48,385#9,0
ADD,ethernet,386386#48,386#9,0
ADD,ethernet,387387#48,387#9,0
ADD,ethernet,388388#48,388#9,0
ADD,ethernet,389389#48,389#9,0
ADD,ethernet,390390#48,390#9,0
ADD,ethernet,391391#48,391#9,0
ADD,ethernet,392392#48,392#9,0
ADD,ethernet,393393#48,393#9,0
ADD,ethernet,394394#48,394#9,0
ADD,ethernet,395395#48,395#9,0
ADD,ethernet,396396#48,396#9,0
ADD,ethernet,397397#48,397#9,0
ADD,ethernet,398398#48,398#9,0
ADD,ethernet,399399#48,399#9,0
ADD,ethernet,400400#48,400#9,0
ADD,ethernet,401401#48,401#9,0
ADD,ethernet,402402#48,402#9,0
ADD,ethernet,403403#48,403#9,0
ADD,ethernet,404404#48,404#9,0
ADD,ethernet,405405#48,405#9,0
ADD,ethernet,406406#48,406#9,0
ADD,ethernet,407407#48,407#9,0
ADD,ethernet,408408#48,408#9,0
ADD,ethernet,409409#48,409#9,0
ADD,ethernet,410410#48,410#9,0
ADD,ethernet,411411#48,411#9,0
ADD,ethernet,412412#48,412#9,0
ADD,ethernet,413413#48,413#9,0
ADD,ethernet,414414#48,414#9,0
ADD,ethernet,415415#48,415#9,0
ADD,ethernet,416416#48,416#9,0
ADD,ethernet,417417#48,417#9,0
ADD,ethernet,418418#48,418#9,0
ADD,ethernet,419419#48,419#9,0
ADD,ethernet,420420#48,420#9,0
ADD,ethernet,421421#48,421#9,0
ADD,ethernet,422422#48,422#9,0
ADD,ethernet,423423#48,423#9,0
ADD,ethernet,424424#48,424#9,0
ADD,ethernet,425425#48,425#9,0
ADD,ethernet,426426#48,426#9,0
ADD,ethernet,427427#48,427#9,0
ADD,ethernet,428428#48,428#9,0
ADD,ethernet,429429#48,429#9,0
ADD,ethernet,430430#48,430#9,0
ADD,ethernet,431431#48,431#9,0
ADD,ethernet,432432#48,432#9,0
ADD,ethernet,433433#48,433#9,0
ADD,ethernet,434434#48,434#9,0
ADD,ethernet,435435#48,435#9,0
ADD,ethernet,436436#48,436#9,0
ADD,ethernet,437437#48,437#9,0
ADD,ethernet,438438#48,438#9,0
ADD,ethernet,439439#48,439#9,0
ADD,ethernet,440440#48,440#9,0
ADD,ethernet,441441#48,441#9,0
ADD,ethernet,442442#48,442#9,0
ADD,ethernet,443443#48,443#9,0
ADD,ethernet,444444#48,444#9,0
ADD,ethernet,445445#48,445#9,0
ADD,ethernet,446446#48,446#9,0
ADD,ethernet,447447#48,447#9,0
ADD,ethernet,448448#48,448#9,0
ADD,ethernet,449449#48,449#9,0
ADD,ethernet,450450#48,450#9,0
ADD,ethernet,451451#48,451#9,0
ADD,ethernet,452452#48,452#9,0
ADD,ethernet,453453#48,453#9,0
ADD,ethernet,454454#48,454#9,0
ADD,ethernet,455455#48,455#9,0
ADD,ethernet,456456#48,456#9,0
ADD,ethernet,457457#48,457#9,0
ADD,ethernet,458458#48,458#9,0
ADD,ethernet,459459#48,459#9,0
ADD,ethernet,460460#48,460#9,0
ADD,ethernet,461461#48,461#9,0
ADD,ethernet,462462#48,462#9,0
ADD,ethernet,463463#48,463#9,0
ADD,ethernet,464464#48,464#9,0
ADD,ethernet,465465#48,465#9,0
ADD,ethernet,466466#48,466#9,0
ADD,ethernet,467467#48,467#9,0
ADD,ethernet,468468#48,468#9,0
ADD,ethernet,469469#48,469#9,0
ADD,ethernet,470470#48,470#9,0
ADD,ethernet,471471#48,471#9,0
ADD,ethernet,472472#48,472#9,0
ADD,ethernet,473473#48,473#9,0
ADD,ethernet,474474#48,474#9,0
ADD,ethernet,475475#48,475#9,0
ADD,ethernet,476476#48,476#9,0
ADD,ethernet,477477#48,477#9,0
ADD,ethernet,478478#48,478#9,0
ADD,ethernet,479479#48,479#9,0
ADD,ethernet,480480#48,480#9,0
ADD,ethernet,481481#48,481#9,0
ADD,ethernet,482482#48,482#9,0
ADD,ethernet,483483#48,483#9,0
ADD,ethernet,484484#48,484#9,0
ADD,ethernet,485485#48,485#9,0
ADD,ethernet,486486#48,486#9,0
ADD,ethernet,487487#48,487#9,0
ADD,ethernet,488488#48,488#9,0
ADD,ethernet,489489#48,489#9,0
ADD,ethernet,490490#48,490#9,0
ADD,ethernet,491491#48,491#9,0
ADD,ethernet,492492#48,492#9,0
ADD,ethernet,493493#48,493#9,0
ADD,ethernet,494494#48,494#9,0
ADD,ethernet,495495#48,495#9,0
ADD,ethernet,496496#48,496#9,0
ADD,ethernet,497497#48,497#9,0
ADD,ethernet,498498#48,498#9,0
ADD,ethernet,499499#48,499#9,0
ADD,ethernet,500500#48,500#9,0
ADD,ipv4,10.0.0.2/32#32,22#48;2#9,0
ADD,ipv4,10.0.0.3/32#32,33#48;3#9,0
ADD,ipv4,10.0.0.4/32#32,44#48;4#9,0
ADD,ipv4,10.0.0.5/32#32,55#48;5#9,0
ADD,ipv4,10.0.0.6/32#32,66#48;6#9,0
ADD,ipv4,10.0.0.7/32#32,77#48;7#9,0
ADD,ipv4,10.0.0.8/32#32,88#48;8#9,0
ADD,ipv4,10.0.0.9/32#32,99#48;9#9,0
ADD,ipv4,10.0.0.10/32#32,1010#48;10#9,0
ADD,ipv4,10.0.0.11/32#32,1111#48;11#9,0
ADD,ipv4,10.0.0.12/32#32,1212#48;12#9,0
ADD,ipv4,10.0.0.13/32#32,1313#48;13#9,0
ADD,ipv4,10.0.0.14/32#32,1414#48;14#9,0
ADD,ipv4,10.0.0.15/32#32,1515#48;15#9,0
ADD,ipv4,10.0.0.16/32#32,1616#48;16#9,0
ADD,ipv4,10.0.0.17/32#32,1717#48;17#9,0
ADD,ipv4,10.0.0.18/32#32,1818#48;18#9,0
ADD,ipv4,10.0.0.19/32#32,1919#48;19#9,0
ADD,ipv4,10.0.0.20/32#32,2020#48;20#9,0
ADD,ipv4,10.0.0.21/32#32,2121#48;21#9,0
ADD,ipv4,10.0.0.22/32#32,2222#48;22#9,0
ADD,ipv4,10.0.0.23/32#32,2323#48;23#9,0
ADD,ipv4,10.0.0.24/32#32,2424#48;24#9,0
ADD,ipv4,10.0.0.25/32#32,2525#48;25#9,0
ADD,ipv4,10.0.0.26/32#32,2626#48;26#9,0
ADD,ipv4,10.0.0.27/32#32,2727#48;27#9,0
ADD,ipv4,10.0.0.28/32#32,2828#48;28#9,0
ADD,ipv4,10.0.0.29/32#32,2929#48;29#9,0
ADD,ipv4,10.0.0.30/32#32,3030#48;30#9,0
ADD,ipv4,10.0.0.31/32#32,3131#48;31#9,0
ADD,ipv4,10.0.0.32/32#32,3232#48;32#9,0
ADD,ipv4,10.0.0.33/32#32,3333#48;33#9,0
ADD,ipv4,10.0.0.34/32#32,3434#48;34#9,0
ADD,ipv4,10.0.0.35/32#32,3535#48;35#9,0
ADD,ipv4,10.0.0.36/32#32,3636#48;36#9,0
ADD,ipv4,10.0.0.37/32#32,3737#48;37#9,0
ADD,ipv4,10.0.0.38/32#32,3838#48;38#9,0
ADD,ipv4,10.0.0.39/32#32,3939#48;39#9,0
ADD,ipv4,10.0.0.40/32#32,4040#48;40#9,0
ADD,ipv4,10.0.0.41/32#32,4141#48;41#9,0
ADD,ipv4,10.0.0.42/32#32,4242#48;42#9,0
ADD,ipv4,10.0.0.43/32#32,4343#48;43#9,0
ADD,ipv4,10.0.0.44/32#32,4444#48;44#9,0
ADD,ipv4,10.0.0.45/32#32,4545#48;45#9,0
ADD,ipv4,10.0.0.46/32#32,4646#48;46#9,0
ADD,ipv4,10.0.0.47/32#32,4747#48;47#9,0
ADD,ipv4,10.0.0.48/32#32,4848#48;48#9,0
ADD,ipv4,10.0.0.49/32#32,4949#48;49#9,0
ADD,ipv4,10.0.0.50/32#32,5050#48;50#9,0
ADD,ipv4,10.0.0.51/32#32,5151#48;51#9,0
ADD,ipv4,10.0.0.52/32#32,5252#48;52#9,0
ADD,ipv4,10.0.0.53/32#32,5353#48;53#9,0
ADD,ipv4,10.0.0.54/32#32,5454#48;54#9,0
ADD,ipv4,10.0.0.55/32#32,5555#48;55#9,0
ADD,ipv4,10.0.0.56/32#32,5656#48;56#9,0
ADD,ipv4,10.0.0.57/32#32,5757#48;57#9,0
ADD,ipv4,10.0.0.58/32#32,5858#48;58#9,0
ADD,ipv4,10.0.0.59/32#32,5959#48;59#9,0
ADD,ipv4,10.0.0.60/32#32,6060#48;60#9,0
ADD,ipv4,10.0.0.61/32#32,6161#48;61#9,0
ADD,ipv4,10.0.0.62/32#32,6262#48;62#9,0
ADD,ipv4,10.0.0.63/32#32,6363#48;63#9,0
ADD,ipv4,10.0.0.64/32#32,6464#48;64#9,0
ADD,ipv4,10.0.0.65/32#32,6565#48;65#9,0
ADD,ipv4,10.0.0.66/32#32,6666#48;66#9,0
ADD,ipv4,10.0.0.67/32#32,6767#48;67#9,0
ADD,ipv4,10.0.0.68/32#32,6868#48;68#9,0
ADD,ipv4,10.0.0.69/32#32,6969#48;69#9,0
ADD,ipv4,10.0.0.70/32#32,7070#48;70#9,0
ADD,ipv4,10.0.0.71/32#32,7171#48;71#9,0
ADD,ipv4,10.0.0.72/32#32,7272#48;72#9,0
ADD,ipv4,10.0.0.73/32#32,7373#48;73#9,0
ADD,ipv4,10.0.0.74/32#32,7474#48;74#9,0
ADD,ipv4,10.0.0.75/32#32,7575#48;75#9,0
ADD,ipv4,10.0.0.76/32#32,7676#48;76#9,0
ADD,ipv4,10.0.0.77/32#32,7777#48;77#9,0
ADD,ipv4,10.0.0.78/32#32,7878#48;78#9,0
ADD,ipv4,10.0.0.79/32#32,7979#48;79#9,0
ADD,ipv4,10.0.0.80/32#32,8080#48;80#9,0
ADD,ipv4,10.0.0.81/32#32,8181#48;81#9,0
ADD,ipv4,10.0.0.82/32#32,8282#48;82#9,0
ADD,ipv4,10.0.0.83/32#32,8383#48;83#9,0
ADD,ipv4,10.0.0.84/32#32,8484#48;84#9,0
ADD,ipv4,10.0.0.85/32#32,8585#48;85#9,0
ADD,ipv4,10.0.0.86/32#32,8686#48;86#9,0
ADD,ipv4,10.0.0.87/32#32,8787#48;87#9,0
ADD,ipv4,10.0.0.88/32#32,8888#48;88#9,0
ADD,ipv4,10.0.0.89/32#32,8989#48;89#9,0
ADD,ipv4,10.0.0.90/32#32,9090#48;90#9,0
ADD,ipv4,10.0.0.91/32#32,9191#48;91#9,0
ADD,ipv4,10.0.0.92/32#32,9292#48;92#9,0
ADD,ipv4,10.0.0.93/32#32,9393#48;93#9,0
ADD,ipv4,10.0.0.94/32#32,9494#48;94#9,0
ADD,ipv4,10.0.0.95/32#32,9595#48;95#9,0
ADD,ipv4,10.0.0.96/32#32,9696#48;96#9,0
ADD,ipv4,10.0.0.97/32#32,9797#48;97#9,0
ADD,ipv4,10.0.0.98/32#32,9898#48;98#9,0
ADD,ipv4,10.0.0.99/32#32,9999#48;99#9,0
ADD,ipv4,10.0.0.100/32#32,100100#48;100#9,0
ADD,ipv4,10.0.0.101/32#32,101101#48;101#9,0
ADD,ipv4,10.0.0.102/32#32,102102#48;102#9,0
ADD,ipv4,10.0.0.103/32#32,103103#48;103#9,0
ADD,ipv4,10.0.0.104/32#32,104104#48;104#9,0
ADD,ipv4,10.0.0.105/32#32,105105#48;105#9,0
ADD,ipv4,10.0.0.106/32#32,106106#48;106#9,0
ADD,ipv4,10.0.0.107/32#32,107107#48;107#9,0
ADD,ipv4,10.0.0.108/32#32,108108#48;108#9,0
ADD,ipv4,10.0.0.109/32#32,109109#48;109#9,0
ADD,ipv4,10.0.0.110/32#32,110110#48;110#9,0
ADD,ipv4,10.0.0.111/32#32,111111#48;111#9,0
ADD,ipv4,10.0.0.112/32#32,112112#48;112#9,0
ADD,ipv4,10.0.0.113/32#32,113113#48;113#9,0
ADD,ipv4,10.0.0.114/32#32,114114#48;114#9,0
ADD,ipv4,10.0.0.115/32#32,115115#48;115#9,0
ADD,ipv4,10.0.0.116/32#32,116116#48;116#9,0
ADD,ipv4,10.0.0.117/32#32,117117#48;117#9,0
ADD,ipv4,10.0.0.118/32#32,118118#48;118#9,0
ADD,ipv4,10.0.0.119/32#32,119119#48;119#9,0
ADD,ipv4,10.0.0.120/32#32,120120#48;120#9,0
ADD,ipv4,10.0.0.121/32#32,121121#48;121#9,0
ADD,ipv4,10.0.0.122/32#32,122122#48;122#9,0
ADD,ipv4,10.0.0.123/32#32,123123#48;123#9,0
ADD,ipv4,10.0.0.124/32#32,124124#48;124#9,0
ADD,ipv4,10.0.0.125/32#32,125125#48;125#9,0
ADD,ipv4,10.0.0.126/32#32,126126#48;126#9,0
ADD,ipv4,10.0.0.127/32#32,127127#48;127#9,0
ADD,ipv4,10.0.0.128/32#32,128128#48;128#9,0
ADD,ipv4,10.0.0.129/32#32,129129#48;129#9,0
ADD,ipv4,10.0.0.130/32#32,130130#48;130#9,0
ADD,ipv4,10.0.0.131/32#32,131131#48;131#9,0
ADD,ipv4,10.0.0.132/32#32,132132#48;132#9,0
ADD,ipv4,10.0.0.133/32#32,133133#48;133#9,0
ADD,ipv4,10.0.0.134/32#32,134134#48;134#9,0
ADD,ipv4,10.0.0.135/32#32,135135#48;135#9,0
ADD,ipv4,10.0.0.136/32#32,136136#48;136#9,0
ADD,ipv4,10.0.0.137/32#32,137137#48;137#9,0
ADD,ipv4,10.0.0.138/32#32,138138#48;138#9,0
ADD,ipv4,10.0.0.139/32#32,139139#48;139#9,0
ADD,ipv4,10.0.0.140/32#32,140140#48;140#9,0
ADD,ipv4,10.0.0.141/32#32,141141#48;141#9,0
ADD,ipv4,10.0.0.142/32#32,142142#48;142#9,0
ADD,ipv4,10.0.0.143/32#32,143143#48;143#9,0
ADD,ipv4,10.0.0.144/32#32,144144#48;144#9,0
ADD,ipv4,10.0.0.145/32#32,145145#48;145#9,0
ADD,ipv4,10.0.0.146/32#32,146146#48;146#9,0
ADD,ipv4,10.0.0.147/32#32,147147#48;147#9,0
ADD,ipv4,10.0.0.148/32#32,148148#48;148#9,0
ADD,ipv4,10.0.0.149/32#32,149149#48;149#9,0
ADD,ipv4,10.0.0.150/32#32,150150#48;150#9,0
ADD,ipv4,10.0.0.151/32#32,151151#48;151#9,0
ADD,ipv4,10.0.0.152/32#32,152152#48;152#9,0
ADD,ipv4,10.0.0.153/32#32,153153#48;153#9,0
ADD,ipv4,10.0.0.154/32#32,154154#48;154#9,0
ADD,ipv4,10.0.0.155/32#32,155155#48;155#9,0
ADD,ipv4,10.0.0.156/32#32,156156#48;156#9,0
ADD,ipv4,10.0.0.157/32#32,157157#48;157#9,0
ADD,ipv4,10.0.0.158/32#32,158158#48;158#9,0
ADD,ipv4,10.0.0.159/32#32,159159#48;159#9,0
ADD,ipv4,10.0.0.160/32#32,160160#48;160#9,0
ADD,ipv4,10.0.0.161/32#32,161161#48;161#9,0
ADD,ipv4,10.0.0.162/32#32,162162#48;162#9,0
ADD,ipv4,10.0.0.163/32#32,163163#48;163#9,0
ADD,ipv4,10.0.0.164/32#32,164164#48;164#9,0
ADD,ipv4,10.0.0.165/32#32,165165#48;165#9,0
ADD,ipv4,10.0.0.166/32#32,166166#48;166#9,0
ADD,ipv4,10.0.0.167/32#32,167167#48;167#9,0
ADD,ipv4,10.0.0.168/32#32,168168#48;168#9,0
ADD,ipv4,10.0.0.169/32#32,169169#48;169#9,0
ADD,ipv4,10.0.0.170/32#32,170170#48;170#9,0
ADD,ipv4,10.0.0.171/32#32,171171#48;171#9,0
ADD,ipv4,10.0.0.172/32#32,172172#48;172#9,0
ADD,ipv4,10.0.0.173/32#32,173173#48;173#9,0
ADD,ipv4,10.0.0.174/32#32,174174#48;174#9,0
ADD,ipv4,10.0.0.175/32#32,175175#48;175#9,0
ADD,ipv4,10.0.0.176/32#32,176176#48;176#9,0
ADD,ipv4,10.0.0.177/32#32,177177#48;177#9,0
ADD,ipv4,10.0.0.178/32#32,178178#48;178#9,0
ADD,ipv4,10.0.0.179/32#32,179179#48;179#9,0
ADD,ipv4,10.0.0.180/32#32,180180#48;180#9,0
ADD,ipv4,10.0.0.181/32#32,181181#48;181#9,0
ADD,ipv4,10.0.0.182/32#32,182182#48;182#9,0
ADD,ipv4,10.0.0.183/32#32,183183#48;183#9,0
ADD,ipv4,10.0.0.184/32#32,184184#48;184#9,0
ADD,ipv4,10.0.0.185/32#32,185185#48;185#9,0
ADD,ipv4,10.0.0.186/32#32,186186#48;186#9,0
ADD,ipv4,10.0.0.187/32#32,187187#48;187#9,0
ADD,ipv4,10.0.0.188/32#32,188188#48;188#9,0
ADD,ipv4,10.0.0.189/32#32,189189#48;189#9,0
ADD,ipv4,10.0.0.190/32#32,190190#48;190#9,0
ADD,ipv4,10.0.0.191/32#32,191191#48;191#9,0
ADD,ipv4,10.0.0.192/32#32,192192#48;192#9,0
ADD,ipv4,10.0.0.193/32#32,193193#48;193#9,0
ADD,ipv4,10.0.0.194/32#32,194194#48;194#9,0
ADD,ipv4,10.0.0.195/32#32,195195#48;195#9,0
ADD,ipv4,10.0.0.196/32#32,196196#48;196#9,0
ADD,ipv4,10.0.0.197/32#32,197197#48;197#9,0
ADD,ipv4,10.0.0.198/32#32,198198#48;198#9,0
ADD,ipv4,10.0.0.199/32#32,199199#48;199#9,0
ADD,ipv4,10.0.0.200/32#32,200200#48;200#9,0
ADD,ipv4,10.0.0.201/32#32,201201#48;201#9,0
ADD,ipv4,10.0.0.202/32#32,202202#48;202#9,0
ADD,ipv4,10.0.0.203/32#32,203203#48;203#9,0
ADD,ipv4,10.0.0.204/32#32,204204#48;204#9,0
ADD,ipv4,10.0.0.205/32#32,205205#48;205#9,0
ADD,ipv4,10.0.0.206/32#32,206206#48;206#9,0
ADD,ipv4,10.0.0.207/32#32,207207#48;207#9,0
ADD,ipv4,10.0.0.208/32#32,208208#48;208#9,0
ADD,ipv4,10.0.0.209/32#32,209209#48;209#9,0
ADD,ipv4,10.0.0.210/32#32,210210#48;210#9,0
ADD,ipv4,10.0.0.211/32#32,211211#48;211#9,0
ADD,ipv4,10.0.0.212/32#32,212212#48;212#9,0
ADD,ipv4,10.0.0.213/32#32,213213#48;213#9,0
ADD,ipv4,10.0.0.214/32#32,214214#48;214#9,0
ADD,ipv4,10.0.0.215/32#32,215215#48;215#9,0
ADD,ipv4,10.0.0.216/32#32,216216#48;216#9,0
ADD,ipv4,10.0.0.217/32#32,217217#48;217#9,0
ADD,ipv4,10.0.0.218/32#32,218218#48;218#9,0
ADD,ipv4,10.0.0.219/32#32,219219#48;219#9,0
ADD,ipv4,10.0.0.220/32#32,220220#48;220#9,0
ADD,ipv4,10.0.0.221/32#32,221221#48;221#9,0
ADD,ipv4,10.0.0.222/32#32,222222#48;222#9,0
ADD,ipv4,10.0.0.223/32#32,223223#48;223#9,0
ADD,ipv4,10.0.0.224/32#32,224224#48;224#9,0
ADD,ipv4,10.0.0.225/32#32,225225#48;225#9,0
ADD,ipv4,10.0.0.226/32#32,226226#48;226#9,0
ADD,ipv4,10.0.0.227/32#32,227227#48;227#9,0
ADD,ipv4,10.0.0.228/32#32,228228#48;228#9,0
ADD,ipv4,10.0.0.229/32#32,229229#48;229#9,0
ADD,ipv4,10.0.0.230/32#32,230230#48;230#9,0
ADD,ipv4,10.0.0.231/32#32,231231#48;231#9,0
ADD,ipv4,10.0.0.232/32#32,232232#48;232#9,0
ADD,ipv4,10.0.0.233/32#32,233233#48;233#9,0
ADD,ipv4,10.0.0.234/32#32,234234#48;234#9,0
ADD,ipv4,10.0.0.235/32#32,235235#48;235#9,0
ADD,ipv4,10.0.0.236/32#32,236236#48;236#9,0
ADD,ipv4,10.0.0.237/32#32,237237#48;237#9,0
ADD,ipv4,10.0.0.238/32#32,238238#48;238#9,0
ADD,ipv4,10.0.0.239/32#32,239239#48;239#9,0
ADD,ipv4,10.0.0.240/32#32,240240#48;240#9,0
ADD,ipv4,10.0.0.241/32#32,241241#48;241#9,0
ADD,ipv4,10.0.0.242/32#32,242242#48;242#9,0
ADD,ipv4,10.0.0.243/32#32,243243#48;243#9,0
ADD,ipv4,10.0.0.244/32#32,244244#48;244#9,0
ADD,ipv4,10.0.0.245/32#32,245245#48;245#9,0
ADD,ipv4,10.0.0.246/32#32,246246#48;246#9,0
ADD,ipv4,10.0.0.247/32#32,247247#48;247#9,0
ADD,ipv4,10.0.0.248/32#32,248248#48;248#9,0
ADD,ipv4,10.0.0.249/32#32,249249#48;249#9,0
ADD,ipv4,10.0.0.250/32#32,250250#48;250#9,0
ADD,ipv4,10.0.0.251/32#32,251251#48;251#9,0
ADD,ipv4,10.0.0.252/32#32,252252#48;252#9,0
ADD,ipv4,10.0.0.253/32#32,253253#48;253#9,0
ADD,ipv4,10.0.0.254/32#32,254254#48;254#9,0
ADD,ipv4,10.0.0.255/32#32,255255#48;255#9,0
ADD,ipv4,10.0.1.0/32#32,256256#48;256#9,0
ADD,ipv4,10.0.2.0/32#32,257257#48;257#9,0
ADD,ipv4,10.0.3.0/32#32,258258#48;258#9,0
ADD,ipv4,10.0.4.0/32#32,259259#48;259#9,0
ADD,ipv4,10.0.5.0/32#32,260260#48;260#9,0
ADD,ipv4,10.0.6.0/32#32,261261#48;261#9,0
ADD,ipv4,10.0.7.0/32#32,262262#48;262#9,0
ADD,ipv4,10.0.8.0/32#32,263263#48;263#9,0
ADD,ipv4,10.0.9.0/32#32,264264#48;264#9,0
ADD,ipv4,10.0.10.0/32#32,265265#48;265#9,0
ADD,ipv4,10.0.11.0/32#32,266266#48;266#9,0
ADD,ipv4,10.0.12.0/32#32,267267#48;267#9,0
ADD,ipv4,10.0.13.0/32#32,268268#48;268#9,0
ADD,ipv4,10.0.14.0/32#32,269269#48;269#9,0
ADD,ipv4,10.0.15.0/32#32,270270#48;270#9,0
ADD,ipv4,10.0.16.0/32#32,271271#48;271#9,0
ADD,ipv4,10.0.17.0/32#32,272272#48;272#9,0
ADD,ipv4,10.0.18.0/32#32,273273#48;273#9,0
ADD,ipv4,10.0.19.0/32#32,274274#48;274#9,0
ADD,ipv4,10.0.20.0/32#32,275275#48;275#9,0
ADD,ipv4,10.0.21.0/32#32,276276#48;276#9,0
ADD,ipv4,10.0.22.0/32#32,277277#48;277#9,0
ADD,ipv4,10.0.23.0/32#32,278278#48;278#9,0
ADD,ipv4,10.0.24.0/32#32,279279#48;279#9,0
ADD,ipv4,10.0.25.0/32#32,280280#48;280#9,0
ADD,ipv4,10.0.26.0/32#32,281281#48;281#9,0
ADD,ipv4,10.0.27.0/32#32,282282#48;282#9,0
ADD,ipv4,10.0.28.0/32#32,283283#48;283#9,0
ADD,ipv4,10.0.29.0/32#32,284284#48;284#9,0
ADD,ipv4,10.0.30.0/32#32,285285#48;285#9,0
ADD,ipv4,10.0.31.0/32#32,286286#48;286#9,0
ADD,ipv4,10.0.32.0/32#32,287287#48;287#9,0
ADD,ipv4,10.0.33.0/32#32,288288#48;288#9,0
ADD,ipv4,10.0.34.0/32#32,289289#48;289#9,0
ADD,ipv4,10.0.35.0/32#32,290290#48;290#9,0
ADD,ipv4,10.0.36.0/32#32,291291#48;291#9,0
ADD,ipv4,10.0.37.0/32#32,292292#48;292#9,0
ADD,ipv4,10.0.38.0/32#32,293293#48;293#9,0
ADD,ipv4,10.0.39.0/32#32,294294#48;294#9,0
ADD,ipv4,10.0.40.0/32#32,295295#48;295#9,0
ADD,ipv4,10.0.41.0/32#32,296296#48;296#9,0
ADD,ipv4,10.0.42.0/32#32,297297#48;297#9,0
ADD,ipv4,10.0.43.0/32#32,298298#48;298#9,0
ADD,ipv4,10.0.44.0/32#32,299299#48;299#9,0
ADD,ipv4,10.0.45.0/32#32,300300#48;300#9,0
ADD,ipv4,10.0.46.0/32#32,301301#48;301#9,0
ADD,ipv4,10.0.47.0/32#32,302302#48;302#9,0
ADD,ipv4,10.0.48.0/32#32,303303#48;303#9,0
ADD,ipv4,10.0.49.0/32#32,304304#48;304#9,0
ADD,ipv4,10.0.50.0/32#32,305305#48;305#9,0
ADD,ipv4,10.0.51.0/32#32,306306#48;306#9,0
ADD,ipv4,10.0.52.0/32#32,307307#48;307#9,0
ADD,ipv4,10.0.53.0/32#32,308308#48;308#9,0
ADD,ipv4,10.0.54.0/32#32,309309#48;309#9,0
ADD,ipv4,10.0.55.0/32#32,310310#48;310#9,0
ADD,ipv4,10.0.56.0/32#32,311311#48;311#9,0
ADD,ipv4,10.0.57.0/32#32,312312#48;312#9,0
ADD,ipv4,10.0.58.0/32#32,313313#48;313#9,0
ADD,ipv4,10.0.59.0/32#32,314314#48;314#9,0
ADD,ipv4,10.0.60.0/32#32,315315#48;315#9,0
ADD,ipv4,10.0.61.0/32#32,316316#48;316#9,0
ADD,ipv4,10.0.62.0/32#32,317317#48;317#9,0
ADD,ipv4,10.0.63.0/32#32,318318#48;318#9,0
ADD,ipv4,10.0.64.0/32#32,319319#48;319#9,0
ADD,ipv4,10.0.65.0/32#32,320320#48;320#9,0
ADD,ipv4,10.0.66.0/32#32,321321#48;321#9,0
ADD,ipv4,10.0.67.0/32#32,322322#48;322#9,0
ADD,ipv4,10.0.68.0/32#32,323323#48;323#9,0
ADD,ipv4,10.0.69.0/32#32,324324#48;324#9,0
ADD,ipv4,10.0.70.0/32#32,325325#48;325#9,0
ADD,ipv4,10.0.71.0/32#32,326326#48;326#9,0
ADD,ipv4,10.0.72.0/32#32,327327#48;327#9,0
ADD,ipv4,10.0.73.0/32#32,328328#48;328#9,0
ADD,ipv4,10.0.74.0/32#32,329329#48;329#9,0
ADD,ipv4,10.0.75.0/32#32,330330#48;330#9,0
ADD,ipv4,10.0.76.0/32#32,331331#48;331#9,0
ADD,ipv4,10.0.77.0/32#32,332332#48;332#9,0
ADD,ipv4,10.0.78.0/32#32,333333#48;333#9,0
ADD,ipv4,10.0.79.0/32#32,334334#48;334#9,0
ADD,ipv4,10.0.80.0/32#32,335335#48;335#9,0
ADD,ipv4,10.0.81.0/32#32,336336#48;336#9,0
ADD,ipv4,10.0.82.0/32#32,337337#48;337#9,0
ADD,ipv4,10.0.83.0/32#32,338338#48;338#9,0
ADD,ipv4,10.0.84.0/32#32,339339#48;339#9,0
ADD,ipv4,10.0.85.0/32#32,340340#48;340#9,0
ADD,ipv4,10.0.86.0/32#32,341341#48;341#9,0
ADD,ipv4,10.0.87.0/32#32,342342#48;342#9,0
ADD,ipv4,10.0.88.0/32#32,343343#48;343#9,0
ADD,ipv4,10.0.89.0/32#32,344344#48;344#9,0
ADD,ipv4,10.0.90.0/32#32,345345#48;345#9,0
ADD,ipv4,10.0.91.0/32#32,346346#48;346#9,0
ADD,ipv4,10.0.92.0/32#32,347347#48;347#9,0
ADD,ipv4,10.0.93.0/32#32,348348#48;348#9,0
ADD,ipv4,10.0.94.0/32#32,349349#48;349#9,0
ADD,ipv4,10.0.95.0/32#32,350350#48;350#9,0
ADD,ipv4,10.0.96.0/32#32,351351#48;351#9,0
ADD,ipv4,10.0.97.0/32#32,352352#48;352#9,0
ADD,ipv4,10.0.98.0/32#32,353353#48;353#9,0
ADD,ipv4,10.0.99.0/32#32,354354#48;354#9,0
ADD,ipv4,10.0.100.0/32#32,355355#48;355#9,0
ADD,ipv4,10.0.101.0/32#32,356356#48;356#9,0
ADD,ipv4,10.0.102.0/32#32,357357#48;357#9,0
ADD,ipv4,10.0.103.0/32#32,358358#48;358#9,0
ADD,ipv4,10.0.104.0/32#32,359359#48;359#9,0
ADD,ipv4,10.0.105.0/32#32,360360#48;360#9,0
ADD,ipv4,10.0.106.0/32#32,361361#48;361#9,0
ADD,ipv4,10.0.107.0/32#32,362362#48;362#9,0
ADD,ipv4,10.0.108.0/32#32,363363#48;363#9,0
ADD,ipv4,10.0.109.0/32#32,364364#48;364#9,0
ADD,ipv4,10.0.110.0/32#32,365365#48;365#9,0
ADD,ipv4,10.0.111.0/32#32,366366#48;366#9,0
ADD,ipv4,10.0.112.0/32#32,367367#48;367#9,0
ADD,ipv4,10.0.113.0/32#32,368368#48;368#9,0
ADD,ipv4,10.0.114.0/32#32,369369#48;369#9,0
ADD,ipv4,10.0.115.0/32#32,370370#48;370#9,0
ADD,ipv4,10.0.116.0/32#32,371371#48;371#9,0
ADD,ipv4,10.0.117.0/32#32,372372#48;372#9,0
ADD,ipv4,10.0.118.0/32#32,373373#48;373#9,0
ADD,ipv4,10.0.119.0/32#32,374374#48;374#9,0
ADD,ipv4,10.0.120.0/32#32,375375#48;375#9,0
ADD,ipv4,10.0.121.0/32#32,376376#48;376#9,0
ADD,ipv4,10.0.122.0/32#32,377377#48;377#9,0
ADD,ipv4,10.0.123.0/32#32,378378#48;378#9,0
ADD,ipv4,10.0.124.0/32#32,379379#48;379#9,0
ADD,ipv4,10.0.125.0/32#32,380380#48;380#9,0
ADD,ipv4,10.0.126.0/32#32,381381#48;381#9,0
ADD,ipv4,10.0.127.0/32#32,382382#48;382#9,0
ADD,ipv4,10.0.128.0/32#32,383383#48;383#9,0
ADD,ipv4,10.0.129.0/32#32,384384#48;384#9,0
ADD,ipv4,10.0.130.0/32#32,385385#48;385#9,0
ADD,ipv4,10.0.131.0/32#32,386386#48;386#9,0
ADD,ipv4,10.0.132.0/32#32,387387#48;387#9,0
ADD,ipv4,10.0.133.0/32#32,388388#48;388#9,0
ADD,ipv4,10.0.134.0/32#32,389389#48;389#9,0
ADD,ipv4,10.0.135.0/32#32,390390#48;390#9,0
ADD,ipv4,10.0.136.0/32#32,391391#48;391#9,0
ADD,ipv4,10.0.137.0/32#32,392392#48;392#9,0
ADD,ipv4,10.0.138.0/32#32,393393#48;393#9,0
ADD,ipv4,10.0.139.0/32#32,394394#48;394#9,0
ADD,ipv4,10.0.140.0/32#32,395395#48;395#9,0
ADD,ipv4,10.0.141.0/32#32,396396#48;396#9,0
ADD,ipv4,10.0.142.0/32#32,397397#48;397#9,0
ADD,ipv4,10.0.143.0/32#32,398398#48;398#9,0
ADD,ipv4,10.0.144.0/32#32,399399#48;399#9,0
ADD,ipv4,10.0.145.0/32#32,400400#48;400#9,0
ADD,ipv4,10.0.146.0/32#32,401401#48;401#9,0
ADD,ipv4,10.0.147.0/32#32,402402#48;402#9,0
ADD,ipv4,10.0.148.0/32#32,403403#48;403#9,0
ADD,ipv4,10.0.149.0/32#32,404404#48;404#9,0
ADD,ipv4,10.0.150.0/32#32,405405#48;405#9,0
ADD,ipv4,10.0.151.0/32#32,406406#48;406#9,0
ADD,ipv4,10.0.152.0/32#32,407407#48;407#9,0
ADD,ipv4,10.0.153.0/32#32,408408#48;408#9,0
ADD,ipv4,10.0.154.0/32#32,409409#48;409#9,0
ADD,ipv4,10.0.155.0/32#32,410410#48;410#9,0
ADD,ipv4,10.0.156.0/32#32,411411#48;411#9,0
ADD,ipv4,10.0.157.0/32#32,412412#48;412#9,0
ADD,ipv4,10.0.158.0/32#32,413413#48;413#9,0
ADD,ipv4,10.0.159.0/32#32,414414#48;414#9,0
ADD,ipv4,10.0.160.0/32#32,415415#48;415#9,0
ADD,ipv4,10.0.161.0/32#32,416416#48;416#9,0
ADD,ipv4,10.0.162.0/32#32,417417#48;417#9,0
ADD,ipv4,10.0.163.0/32#32,418418#48;418#9,0
ADD,ipv4,10.0.164.0/32#32,419419#48;419#9,0
ADD,ipv4,10.0.165.0/32#32,420420#48;420#9,0
ADD,ipv4,10.0.166.0/32#32,421421#48;421#9,0
ADD,ipv4,10.0.167.0/32#32,422422#48;422#9,0
ADD,ipv4,10.0.168.0/32#32,423423#48;423#9,0
ADD,ipv4,10.0.169.0/32#32,424424#48;424#9,0
ADD,ipv4,10.0.170.0/32#32,425425#48;425#9,0
ADD,ipv4,10.0.171.0/32#32,426426#48;426#9,0
ADD,ipv4,10.0.172.0/32#32,427427#48;427#9,0
ADD,ipv4,10.0.173.0/32#32,428428#48;428#9,0
ADD,ipv4,10.0.174.0/32#32,429429#48;429#9,0
ADD,ipv4,10.0.175.0/32#32,430430#48;430#9,0
ADD,ipv4,10.0.176.0/32#32,431431#48;431#9,0
ADD,ipv4,10.0.177.0/32#32,432432#48;432#9,0
ADD,ipv4,10.0.178.0/32#32,433433#48;433#9,0
ADD,ipv4,10.0.179.0/32#32,434434#48;434#9,0
ADD,ipv4,10.0.180.0/32#32,435435#48;435#9,0
ADD,ipv4,10.0.181.0/32#32,436436#48;436#9,0
ADD,ipv4,10.0.182.0/32#32,437437#48;437#9,0
ADD,ipv4,10.0.183.0/32#32,438438#48;438#9,0
ADD,ipv4,10.0.184.0/32#32,439439#48;439#9,0
ADD,ipv4,10.0.185.0/32#32,440440#48;440#9,0
ADD,ipv4,10.0.186.0/32#32,441441#48;441#9,0
ADD,ipv4,10.0.187.0/32#32,442442#48;442#9,0
ADD,ipv4,10.0.188.0/32#32,443443#48;443#9,0
ADD,ipv4,10.0.189.0/32#32,444444#48;444#9,0
ADD,ipv4,10.0.190.0/32#32,445445#48;445#9,0
ADD,ipv4,10.0.191.0/32#32,446446#48;446#9,0
ADD,ipv4,10.0.192.0/32#32,447447#48;447#9,0
ADD,ipv4,10.0.193.0/32#32,448448#48;448#9,0
ADD,ipv4,10.0.194.0/32#32,449449#48;449#9,0
ADD,ipv4,10.0.195.0/32#32,450450#48;450#9,0
ADD,ipv4,10.0.196.0/32#32,451451#48;451#9,0
ADD,ipv4,10.0.197.0/32#32,452452#48;452#9,0
ADD,ipv4,10.0.198.0/32#32,453453#48;453#9,0
ADD,ipv4,10.0.199.0/32#32,454454#48;454#9,0
ADD,ipv4,10.0.200.0/32#32,455455#48;455#9,0
ADD,ipv4,10.0.201.0/32#32,456456#48;456#9,0
ADD,ipv4,10.0.202.0/32#32,457457#48;457#9,0
ADD,ipv4,10.0.203.0/32#32,458458#48;458#9,0
ADD,ipv4,10.0.204.0/32#32,459459#48;459#9,0
ADD,ipv4,10.0.205.0/32#32,460460#48;460#9,0
ADD,ipv4,10.0.206.0/32#32,461461#48;461#9,0
ADD,ipv4,10.0.207.0/32#32,462462#48;462#9,0
ADD,ipv4,10.0.208.0/32#32,463463#48;463#9,0
ADD,ipv4,10.0.209.0/32#32,464464#48;464#9,0
ADD,ipv4,10.0.210.0/32#32,465465#48;465#9,0
ADD,ipv4,10.0.211.0/32#32,466466#48;466#9,0
ADD,ipv4,10.0.212.0/32#32,467467#48;467#9,0
ADD,ipv4,10.0.213.0/32#32,468468#48;468#9,0
ADD,ipv4,10.0.214.0/32#32,469469#48;469#9,0
ADD,ipv4,10.0.215.0/32#32,470470#48;470#9,0
ADD,ipv4,10.0.216.0/32#32,471471#48;471#9,0
ADD,ipv4,10.0.217.0/32#32,472472#48;472#9,0
ADD,ipv4,10.0.218.0/32#32,473473#48;473#9,0
ADD,ipv4,10.0.219.0/32#32,474474#48;474#9,0
ADD,ipv4,10.0.220.0/32#32,475475#48;475#9,0
ADD,ipv4,10.0.221.0/32#32,476476#48;476#9,0
ADD,ipv4,10.0.222.0/32#32,477477#48;477#9,0
ADD,ipv4,10.0.223.0/32#32,478478#48;478#9,0
ADD,ipv4,10.0.224.0/32#32,479479#48;479#9,0
ADD,ipv4,10.0.225.0/32#32,480480#48;480#9,0
ADD,ipv4,10.0.226.0/32#32,481481#48;481#9,0
ADD,ipv4,10.0.227.0/32#32,482482#48;482#9,0
ADD,ipv4,10.0.228.0/32#32,483483#48;483#9,0
ADD,ipv4,10.0.229.0/32#32,484484#48;484#9,0
ADD,ipv4,10.0.230.0/32#32,485485#48;485#9,0
ADD,ipv4,10.0.231.0/32#32,486486#48;486#9,0
ADD,ipv4,10.0.232.0/32#32,487487#48;487#9,0
ADD,ipv4,10.0.233.0/32#32,488488#48;488#9,0
ADD,ipv4,10.0.234.0/32#32,489489#48;489#9,0
ADD,ipv4,10.0.235.0/32#32,490490#48;490#9,0
ADD,ipv4,10.0.236.0/32#32,491491#48;491#9,0
ADD,ipv4,10.0.237.0/32#32,492492#48;492#9,0
ADD,ipv4,10.0.238.0/32#32,493493#48;493#9,0
ADD,ipv4,10.0.239.0/32#32,494494#48;494#9,0
ADD,ipv4,10.0.240.0/32#32,495495#48;495#9,0
ADD,ipv4,10.0.241.0/32#32,496496#48;496#9,0
ADD,ipv4,10.0.242.0/32#32,497497#48;497#9,0
ADD,ipv4,10.0.243.0/32#32,498498#48;498#9,0
ADD,ipv4,10.0.244.0/32#32,499499#48;499#9,0
ADD,ipv4,10.0.245.0/32#32,500500#48;500#9,0
