1580320678.809,ADD,201,2001:4860:4861::729a:0:8888/128,1008
1580320678.818,ADD,201,2001:4860:4861::6b73:0:8888/128,1008
1580320678.827,ADD,201,2001:4860:4861::71b9:0:8888/128,1008
1580320678.841,ADD,201,2001:4860:4861::6ff7:0:8888/128,1008
1580320678.851,ADD,201,2001:4860:4861::6c54:0:8888/128,1008
1580320678.868,ADD,201,2001:4860:4861::6d35:0:8888/128,1008
1580320678.879,ADD,201,2001:4860:4861::6e16:0:8888/128,1008
1580320678.884,ADD,201,2001:4860:4861::70d8:0:8888/128,1008
1580320678.898,ADD,201,2001:4860:4861::7d79:0:8888/128,1008
1580320678.907,ADD,201,2001:4860:4861::7e5a:0:8888/128,1008
1580320678.919,ADD,201,2001:4860:4861::7f3b:0:8888/128,1008
1580320678.929,ADD,201,2001:4860:4861::78fa:0:8888/128,1008
1580320678.948,ADD,201,2001:4860:4861::7557:0:8888/128,1008
1580320678.952,ADD,201,2001:4860:4861::7638:0:8888/128,1008
1580320678.966,ADD,201,2001:4860:4861::7476:0:8888/128,1008
1580320678.974,ADD,201,2001:4860:4861::7719:0:8888/128,1008
1580320678.984,ADD,201,2001:4860:4861::79db:0:8888/128,1008
1580320679.002,ADD,201,2001:4860:4861::7b9d:0:8888/128,1008
1580320679.012,ADD,201,2001:4860:4861::7abc:0:8888/128,1008
1580320679.021,ADD,201,2001:4860:4861::5ed2:0:8888/128,1008
1580320679.028,ADD,201,2001:4860:4861::5b2f:0:8888/128,1008
1580320679.035,ADD,201,2001:4860:4861::596d:0:8888/128,1008
1580320679.042,ADD,201,2001:4860:4861::6094:0:8888/128,1008
1580320679.049,ADD,201,2001:4860:4861::5c10:0:8888/128,1008
1580320679.056,ADD,201,2001:4860:4861::5fb3:0:8888/128,1008
1580320679.07,ADD,201,2001:4860:4861::5a4e:0:8888/128,1008
1580320679.081,ADD,201,2001:4860:4861::5df1:0:8888/128,1008
1580320679.096,ADD,201,2001:4860:4861::6432:0:8888/128,1008
1580320679.107,ADD,201,2001:4860:4861::6351:0:8888/128,1008
1580320679.112,ADD,201,2001:4860:4861::66f4:0:8888/128,1008
1580320679.122,ADD,201,2001:4860:4861::6997:0:8888/128,1008
1580320679.139,ADD,201,2001:4860:4861::6513:0:8888/128,1008
1580320679.156,ADD,201,2001:4860:4861::6270:0:8888/128,1008
1580320679.168,ADD,201,2001:4860:4861::67d5:0:8888/128,1008
1580320679.178,ADD,201,2001:4860:4861::68b6:0:8888/128,1008
1580320679.182,ADD,201,2001:4860:4861::28c0:0:8888/128,1008
1580320679.195,ADD,201,2001:4860:4861::235b:0:8888/128,1008
1580320679.207,ADD,201,2001:4860:4861::29a1:0:8888/128,1008
1580320679.215,ADD,201,2001:4860:4861::26fe:0:8888/128,1008
1580320679.233,ADD,201,2001:4860:4861::2a82:0:8888/128,1008
1580320679.247,ADD,201,2001:4860:4861::243c:0:8888/128,1008
1580320679.251,ADD,201,2001:4860:4861::27df:0:8888/128,1008
1580320679.268,ADD,201,2001:4860:4861::251d:0:8888/128,1008
1580320679.278,ADD,201,2001:4860:4861::227a:0:8888/128,1008
1580320679.288,ADD,201,2001:4860:4861::1fbd:0:8888/128,1008
1580320679.303,ADD,201,2001:4860:4861::1edc:0:8888/128,1008
1580320679.311,ADD,201,2001:4860:4861::1977:0:8888/128,1008
1580320679.329,ADD,201,2001:4860:4861::1c1a:0:8888/128,1008
1580320679.337,ADD,201,2001:4860:4861::1dfb:0:8888/128,1008
1580320679.345,ADD,201,2001:4860:4861::1a58:0:8888/128,1008
1580320679.349,ADD,201,2001:4860:4861::1b39:0:8888/128,1008
1580320679.356,ADD,201,2001:4860:4861::209e:0:8888/128,1008
1580320679.363,ADD,201,2001:4860:4861::3723:0:8888/128,1008
1580320679.371,ADD,201,2001:4860:4861::3561:0:8888/128,1008
1580320679.378,ADD,201,2001:4860:4861::3ba7:0:8888/128,1008
1580320679.388,ADD,201,2001:4860:4861::3c88:0:8888/128,1008
1580320679.401,ADD,201,2001:4860:4861::3642:0:8888/128,1008
1580320679.407,ADD,201,2001:4860:4861::3ac6:0:8888/128,1008
1580320679.429,ADD,201,2001:4860:4861::3804:0:8888/128,1008
1580320679.44,ADD,201,2001:4860:4861::39e5:0:8888/128,1008
1580320679.461,ADD,201,2001:4860:4861::4848:0:8888/128,1008
1580320679.487,ADD,201,2001:4860:4861::4dad:0:8888/128,1008
1580320679.498,ADD,201,2001:4860:4861::4929:0:8888/128,1008
1580320679.521,ADD,201,2001:4860:4861::4ccc:0:8888/128,1008
1580320679.535,ADD,201,2001:4860:4861::4a0a:0:8888/128,1008
1580320679.545,ADD,201,2001:4860:4861::4beb:0:8888/128,1008
1580320679.556,ADD,201,2001:4860:4861::4e8e:0:8888/128,1008
1580320679.566,ADD,201,2001:4860:4861::4767:0:8888/128,1008
1580320679.575,ADD,201,2001:4860:4861::852:0:8888/128,1008
1580320679.586,ADD,201,2001:4860:4861::e98:0:8888/128,1008
1580320679.604,ADD,201,2001:4860:4861::cd6:0:8888/128,1008
1580320679.61,ADD,201,2001:4860:4861::933:0:8888/128,1008
1580320679.623,ADD,201,2001:4860:4861::bf5:0:8888/128,1008
1580320679.635,ADD,201,2001:4860:4861::771:0:8888/128,1008
1580320679.645,ADD,201,2001:4860:4861::a14:0:8888/128,1008
1580320679.659,ADD,201,2001:4860:4861::db7:0:8888/128,1008
1580320679.67,ADD,201,2001:4860:4861::2e20:0:8888/128,1008
1580320679.678,ADD,201,2001:4860:4861::32a4:0:8888/128,1008
1580320679.686,ADD,201,2001:4860:4861::2b7d:0:8888/128,1008
1580320679.695,ADD,201,2001:4860:4861::30e2:0:8888/128,1008
1580320679.709,ADD,201,2001:4860:4861::2d3f:0:8888/128,1008
1580320679.714,ADD,201,2001:4860:4861::31c3:0:8888/128,1008
1580320679.726,ADD,201,2001:4860:4861::2c5e:0:8888/128,1008
1580320679.732,ADD,201,2001:4860:4861::3385:0:8888/128,1008
1580320679.743,ADD,201,2001:4860:4861::2f01:0:8888/128,1008
1580320679.757,ADD,201,2001:4860:4861::56b0:0:8888/128,1008
1580320679.766,ADD,201,2001:4860:4861::522c:0:8888/128,1008
1580320679.779,ADD,201,2001:4860:4861::514b:0:8888/128,1008
1580320679.782,ADD,201,2001:4860:4861::55cf:0:8888/128,1008
1580320679.791,ADD,201,2001:4860:4861::506a:0:8888/128,1008
1580320679.8,ADD,201,2001:4860:4861::54ee:0:8888/128,1008
1580320679.813,ADD,201,2001:4860:4861::5791:0:8888/128,1008
1580320679.818,ADD,201,2001:4860:4861::530d:0:8888/128,1008
1580320679.827,ADD,201,2001:4860:4861::8125:0:8888/128,1008
1580320679.839,ADD,201,2001:4860:4861::8044:0:8888/128,1008
1580320679.847,ADD,201,2001:4860:4861::868a:0:8888/128,1008
1580320679.86,ADD,201,2001:4860:4861::83e7:0:8888/128,1008
1580320679.871,ADD,201,2001:4860:4861::84c8:0:8888/128,1008
1580320679.878,ADD,201,2001:4860:4861::8206:0:8888/128,1008
1580320679.889,ADD,201,2001:4860:4861::85a9:0:8888/128,1008
