size,time,check_time,num_z3_calls_check,model_search_z3_time,num_z3_calls_model_search,search_wp_time,check_log_wp_time,check_phys_wp_time,mean_tree_size,max_tree_size,min_tree_size
0,8.990049,7.726908,2,0.121355,1,0.017405,0.134945,0.134945,106,113,100
1,9.757042,7.950068,3,0.180483,2,0.018358,0.222921,0.222921,160,176,146
2,12.721777,8.654594,4,0.231981,3,0.031710,1.907349,1.907349,227,255,204
3,7.706404,6.291866,2,0.193834,1,0.019550,0.186920,0.186920,268,286,250
4,6.647348,5.495548,2,0.092983,1,0.019550,0.194788,0.194788,297,309,286
5,7.663727,6.592512,2,0.092745,1,0.015259,0.189304,0.189304,348,370,326
6,9.138823,5.759954,2,0.113010,1,0.020742,2.329588,2.329588,384,404,364
7,12.210846,8.764029,3,0.315428,2,0.063658,0.393629,0.393629,454,489,412
8,8.388758,6.256342,2,0.092983,1,0.013828,1.134634,1.134634,510,540,480
9,7.936954,6.626606,2,0.107050,1,0.017643,0.307560,0.307560,582,614,550
10,9.138346,7.815838,2,0.114679,1,0.021219,0.262499,0.262499,626,648,604
11,15.682220,12.826920,3,0.305176,2,0.077009,0.516176,0.516176,696,746,650
12,14.027834,11.086702,3,0.263214,2,0.060081,0.584841,0.584841,794,851,732
13,11.781454,10.091305,2,0.152111,1,0.025272,0.319481,0.319481,864,917,812
14,11.162519,9.282827,2,0.159502,1,0.062227,0.442266,0.442266,905,944,866
15,16.350746,13.260603,3,0.249624,2,0.051975,0.618935,0.618935,1022,1114,936
16,22.440910,17.680407,4,0.387192,3,0.103951,1.043081,1.043081,1158,1299,1042
17,12.208939,10.334969,2,0.138283,1,0.017881,0.387192,0.387192,1232,1299,1166
18,18.342257,14.531374,3,0.251293,2,0.070333,0.937939,0.937939,1394,1510,1304
19,28.364897,23.041248,4,0.566244,3,0.077009,0.953913,0.953913,1634,1849,1414
20,26.492357,21.404266,4,0.355721,3,0.062704,1.163960,1.163960,1689,1835,1490
21,14.939308,12.795925,2,0.127792,1,0.024080,0.697374,0.697374,1625,1676,1574
22,29.902458,24.505615,4,0.350475,3,0.072718,1.487255,1.487255,1844,2051,1668
23,15.810251,13.677597,2,0.108719,1,0.015736,0.639200,0.639200,1841,1917,1766
24,17.354965,15.077353,2,0.120401,1,0.026226,0.655651,0.655651,1905,1979,1832
25,24.974346,20.859480,3,0.236750,2,0.051260,1.043081,1.043081,2075,2204,1940
26,14.567137,12.482166,2,0.104427,1,0.024319,0.535011,0.535011,2116,2180,2052
27,29.232025,21.382809,3,0.315666,2,0.052691,4.645586,4.645586,2313,2475,2140
28,16.190529,13.734102,2,0.110626,1,0.020504,0.617027,0.617027,2313,2395,2232
29,36.294937,30.534267,4,0.356197,3,0.078678,1.384020,1.384020,2583,2770,2334
30,35.196781,29.156446,4,0.357389,3,0.078440,1.702309,1.702309,2714,2901,2490
31,34.132242,27.103901,4,0.374317,3,0.090361,2.350330,2.350330,2945,3222,2634
32,21.508694,18.649817,2,0.144005,1,0.030279,0.981569,0.981569,2854,2982,2726
33,21.596909,18.590689,2,0.158548,1,0.036716,0.898838,0.898838,2898,3007,2790
34,29.873848,25.442362,3,0.266552,2,0.049591,1.264572,1.264572,3145,3378,2916
35,30.582905,25.883198,3,0.232935,2,0.045538,1.322031,1.322031,3229,3335,3080
36,28.628349,18.919945,2,0.128508,1,0.035286,7.654905,7.654905,3321,3422,3220
37,41.949987,37.007570,3,0.250816,2,0.068188,1.346827,1.346827,3632,3866,3374
38,22.384882,19.603968,2,0.106812,1,0.027657,0.808239,0.808239,3629,3716,3542
39,47.326326,39.739370,4,0.400543,3,0.092268,2.523661,2.523661,3980,4189,3672
40,42.177916,36.451817,3,0.277281,2,0.067234,1.595736,1.595736,4081,4338,3822
41,29.303789,25.649071,2,0.126839,1,0.028133,1.119614,1.119614,4129,4288,3970
42,59.329033,46.156406,4,4.505396,3,0.095844,3.372431,3.372431,4463,4777,4064
43,31.749964,28.238297,2,0.155926,1,0.039577,0.932932,0.932932,4384,4569,4200
44,55.693865,46.710491,4,0.461817,3,0.113249,2.253532,2.253532,4617,4968,4384
45,45.028687,39.010286,3,0.276804,2,0.055313,1.899004,1.899004,4983,5380,4594
46,29.427767,26.035070,2,0.138044,1,0.154972,0.952482,0.952482,4908,5062,4754
47,28.517723,24.053574,2,0.161648,1,0.036955,1.922607,1.922607,4989,5129,4850
48,33.800602,26.362181,2,0.139236,1,0.043869,4.753828,4.753828,5150,5351,4950
49,27.860165,24.068117,2,0.125408,1,0.024557,1.187563,1.187563,5166,5277,5056
50,26.077747,22.250175,2,0.125408,1,0.033855,1.485109,1.485109,5280,5390,5170
51,31.299591,26.628256,2,0.187874,1,0.030994,1.504898,1.504898,5471,5603,5340
52,33.671618,28.241396,2,0.251055,1,0.028849,2.408028,2.408028,5620,5726,5514
53,50.212383,38.844585,3,0.607967,2,0.095367,5.341291,5.341291,5956,6262,5656
54,36.763191,32.829285,2,0.124693,1,0.023365,1.386642,1.386642,5965,6142,5788
55,28.838873,24.976730,2,0.121593,1,0.026703,1.299620,1.299620,6058,6184,5932
56,58.577061,48.826456,4,0.399113,3,0.076532,3.386974,3.386974,6483,6872,6130
57,43.151379,37.088871,2,0.148058,1,0.032902,3.305674,3.305674,6556,6781,6332
58,65.246820,54.103136,4,0.503063,3,0.109911,3.787518,3.787518,7068,7550,6544
59,73.561192,62.901020,4,0.394821,3,0.081062,3.815413,3.815413,7093,7459,6750
60,68.593025,60.868502,3,0.332355,2,0.075340,2.211809,2.211809,7285,7550,6966
61,63.518047,55.782318,3,0.272989,2,0.068665,2.771854,2.771854,7507,7797,7230
62,64.133644,55.766582,3,0.290394,2,0.074387,3.355265,3.355265,7759,8056,7436
63,34.730434,30.476332,2,0.121117,1,0.028610,1.501799,1.501799,7784,7949,7620
64,46.290159,39.847374,2,0.208139,1,0.033617,2.864361,2.864361,8046,8223,7870
65,81.538439,68.675756,4,0.418186,3,0.084639,4.311800,4.311800,8731,9275,8084
66,43.003082,37.299156,2,0.147343,1,0.025988,2.866507,2.866507,8446,8590,8302
67,49.260378,42.629004,2,0.219822,1,0.025034,1.598358,1.598358,8774,8965,8584
68,37.593126,31.988621,2,0.117064,1,0.025034,2.764702,2.764702,8931,9048,8814
69,82.218885,72.230816,4,0.411272,3,0.079155,3.127813,3.127813,9606,10227,9004
70,49.435616,44.756651,2,0.142097,1,0.030994,1.717329,1.717329,9479,9704,9254
71,80.137253,72.479010,3,0.303268,2,0.062943,2.490044,2.490044,10083,10575,9564
72,89.052677,77.745438,4,0.376225,3,0.072718,4.604101,4.604101,10240,10690,9858
73,41.872501,36.427975,2,0.122070,1,0.021696,1.614094,1.614094,10257,10396,10118
74,68.722725,60.535192,3,0.288486,2,0.070333,3.122330,3.122330,10636,10898,10392
75,67.767620,59.206724,3,0.246763,2,0.043392,3.035307,3.035307,10948,11201,10650
76,45.943737,40.520430,2,0.108004,1,0.025034,2.287388,2.287388,11028,11151,10906
77,90.611458,74.183941,4,0.528097,3,0.082254,4.107237,4.107237,11725,12383,11208
78,97.578526,84.425926,4,0.466108,3,0.408888,3.321171,3.321171,12007,12518,11536
79,79.906940,69.392681,3,0.300407,2,0.077248,4.272223,4.272223,12238,12611,11794
80,84.681988,76.260090,3,0.284672,2,0.059128,2.803087,2.803087,12473,12895,11994
81,75.021982,64.624786,3,0.321150,2,0.056505,2.988577,2.988577,12510,12816,12204
82,79.488516,65.863132,3,0.595570,2,0.072718,4.324913,4.324913,12802,13114,12482
83,97.507715,86.927176,3,0.278234,2,0.059605,4.402637,4.402637,13270,13725,12770
84,57.838440,52.437067,2,0.126123,1,0.029802,1.943111,1.943111,13146,13306,12986
85,96.004486,87.032080,3,0.264645,2,0.051498,2.867222,2.867222,13543,13820,13214
86,136.286974,122.069120,4,0.476360,3,0.098228,5.281925,5.281925,14210,14978,13466
87,61.286211,54.949522,2,0.151634,1,0.031948,2.412796,2.412796,13952,14179,13726
88,116.521358,103.071451,4,0.479698,3,0.075579,4.774809,4.774809,14609,15254,13978
89,86.128950,76.940536,3,0.279903,2,0.056267,3.224373,3.224373,14628,15071,14234
90,87.995768,77.259302,3,0.318766,2,0.062943,3.931761,3.931761,15044,15573,14490
91,71.194887,63.080788,2,0.159502,1,0.033379,3.243685,3.243685,15105,15467,14744
92,83.739042,70.656300,3,0.397921,2,0.044823,3.992081,3.992081,15272,15470,15064
93,139.504910,122.218609,4,0.701427,3,0.106573,6.052494,6.052494,16040,16668,15386
94,73.315859,65.254688,2,0.147104,1,0.029564,3.582716,3.582716,15962,16270,15654
95,112.255573,99.522829,3,0.373840,2,0.079393,4.522085,4.522085,16451,16926,15934
96,151.556730,132.601023,4,0.479937,3,0.090837,8.667231,8.667231,17048,17847,16234
97,87.634087,80.264568,2,0.169992,1,0.039816,2.638578,2.638578,16861,17194,16528
98,73.504925,66.198826,2,0.161409,1,0.034332,2.549648,2.549648,17036,17275,16798
99,73.027372,65.510511,2,0.152111,1,0.037670,2.905607,2.905607,17429,17742,17116
100,64.748049,57.781219,2,0.203848,1,0.031948,2.457380,2.457380,17758,18023,17494
101,144.585133,128.082275,4,0.427723,3,0.080109,7.151127,7.151127,18680,19451,17892
102,118.655682,107.692480,3,0.283241,2,0.055313,3.893137,3.893137,18844,19548,18246
103,167.425156,149.678230,4,0.486612,3,0.132561,7.325649,7.325649,19519,20422,18558
104,121.547937,110.160351,3,0.283718,2,0.058889,3.670216,3.670216,19358,19875,18896
105,114.458799,101.300001,3,0.258207,2,0.055552,5.486965,5.486965,19631,20014,19252
106,68.386078,58.933735,2,0.122070,1,0.018120,4.652977,4.652977,19814,19988,19640
107,147.947073,132.280350,4,0.427485,3,0.085354,5.237818,5.237818,20727,21470,20066
108,118.892193,105.803728,3,0.295162,2,0.053644,5.471468,5.471468,21014,21509,20462
109,83.045483,75.604439,2,0.149727,1,0.032663,2.926350,2.926350,21159,21508,20810
110,80.614090,72.135687,2,0.125885,1,0.021219,4.104376,4.104376,21218,21309,21128
111,202.673674,185.419321,4,0.605822,3,0.109673,6.026268,6.026268,22536,23789,21462
112,211.091995,190.983295,4,0.941753,3,0.124931,6.946802,6.946802,22746,23668,21850
113,127.986431,115.156412,3,0.333786,2,0.066042,4.664898,4.664898,22969,23712,22204
114,134.566307,117.525816,3,0.432491,2,0.077486,6.810665,6.810665,23214,23718,22590
115,106.412649,96.762896,2,0.159740,1,0.037432,3.969431,3.969431,23357,23665,23050
116,203.135490,185.149431,4,0.490665,3,0.096321,6.482840,6.482840,24330,25176,23488
117,209.480762,190.605879,4,0.461817,3,0.104666,7.172346,7.172346,24955,25947,23916
118,109.481573,101.269484,2,0.149488,1,0.024796,3.241301,3.241301,24607,24927,24288
119,75.757027,67.333221,2,0.103951,1,0.016689,3.537416,3.537416,24869,25064,24674
120,150.209665,137.100935,3,0.293970,2,0.058413,5.184889,5.184889,25683,26390,25068
121,133.645535,119.264126,3,0.364304,2,0.076056,5.448341,5.448341,26135,26817,25400
122,131.208897,116.884470,3,0.339985,2,0.051498,4.975796,4.975796,26465,27146,25820
123,104.327202,94.580173,2,0.153542,1,0.032187,4.834175,4.834175,26717,27148,26286
124,173.625231,154.745340,4,0.471592,3,0.091314,7.251263,7.251263,27582,28487,26762
125,106.511831,98.042488,2,0.148535,1,0.022888,2.963066,2.963066,27616,28030,27202
126,210.556507,191.431999,4,0.466585,3,0.093699,7.107019,7.107019,28957,30104,27580
127,114.290476,105.488300,2,0.153065,1,0.029802,3.468752,3.468752,28369,28740,27998
128,128.977537,119.216442,2,0.158548,1,0.025511,4.133224,4.133224,28823,29270,28376
129,185.281515,164.798021,3,0.763893,2,0.153542,6.701946,6.701946,29488,30277,28770
130,202.718973,181.576014,4,0.508308,3,0.123024,7.919312,7.919312,30448,31421,29188
131,216.157913,195.828915,4,0.460625,3,0.102758,8.074522,8.074522,30993,32427,29576
132,116.224289,106.712341,2,0.165224,1,0.030279,3.618956,3.618956,30506,31025,29988
133,101.613283,91.805458,2,0.130415,1,0.042677,4.453897,4.453897,30563,30754,30372
134,160.204172,144.792795,3,0.386000,2,0.059605,5.723715,5.723715,31608,32389,30746
135,103.759766,94.527483,2,0.148058,1,0.028849,3.453255,3.453255,31563,31929,31198
136,101.233482,91.731310,2,0.166178,1,0.030518,3.600359,3.600359,32100,32552,31648
137,156.405926,141.613245,3,0.313044,2,0.063896,5.653620,5.653620,32698,33466,32062
138,109.832287,99.997044,2,0.153780,1,0.032663,4.172087,4.172087,32966,33452,32480
139,167.821169,152.328491,3,0.309706,2,0.059605,6.406307,6.406307,33720,34599,32924
140,104.857206,94.151497,2,0.171185,1,0.031948,4.671574,4.671574,33778,34224,33332
141,110.743046,99.710941,2,0.149965,1,0.029802,5.341291,5.341291,33961,34228,33694
142,112.420797,102.006912,2,0.159025,1,0.019073,4.416943,4.416943,34423,34706,34140
143,126.156092,115.548849,2,0.162125,1,0.032663,4.621029,4.621029,35033,35516,34550
144,178.546190,159.220934,3,0.337601,2,0.053644,9.310484,9.310484,35775,36498,34988
145,301.351309,274.083138,4,0.560760,3,0.097990,12.992859,12.992859,37024,38414,35442
146,135.285139,124.923468,2,0.164747,1,0.032425,4.070282,4.070282,36308,36745,35872
147,167.658806,147.174358,3,0.331402,2,0.070095,10.173798,10.173798,36994,37472,36404
148,168.525219,154.871702,2,0.235081,1,0.054598,5.189180,5.189180,37404,37916,36892
149,158.791304,142.446041,2,0.241995,1,0.049353,4.693508,4.693508,37671,37992,37350
150,157.476664,142.758846,2,0.255823,1,0.028372,6.334305,6.334305,38286,38790,37782
151,135.740042,123.975277,2,0.149727,1,0.030279,5.455494,5.455494,38551,38933,38170
152,277.405500,253.675461,4,0.465393,3,0.090837,10.594130,10.594130,40143,41517,38672
153,145.577669,134.703875,2,0.164509,1,0.031710,4.427910,4.427910,39671,40164,39178
154,156.078815,143.565893,2,0.247240,1,0.046015,5.783796,5.783796,40167,40686,39648
155,142.347813,129.025936,2,0.202894,1,0.030279,6.927967,6.927967,40565,41042,40088
156,297.988892,271.042347,4,0.567198,3,0.113010,12.305975,12.305975,41895,42908,40502
157,320.369720,293.921709,4,0.517130,3,0.084162,11.358500,11.358500,42164,43365,41006
158,198.803902,177.255154,3,0.393152,2,0.054598,10.577679,10.577679,42482,43425,41582
159,149.068832,137.080431,2,0.203848,1,0.025034,4.842997,4.842997,42364,42614,42114
160,119.657278,108.523130,2,0.097513,1,0.011921,4.970312,4.970312,42794,42945,42644
161,220.943451,201.619387,3,0.327587,2,0.057697,8.912086,8.912086,44028,44758,43174
162,150.906086,139.110088,2,0.160933,1,0.025749,5.129337,5.129337,44125,44620,43630
163,224.983692,204.754591,3,0.341177,2,0.062704,9.247541,9.247541,45257,46266,44140
164,225.915909,206.448078,3,0.314713,2,0.058174,8.641481,8.641481,45735,46699,44716
165,150.382042,137.820959,2,0.174522,1,0.027418,5.688190,5.688190,45626,46057,45196
166,239.589930,219.877720,3,0.341415,2,0.062943,8.917809,8.917809,46577,47479,45586
167,262.644768,243.548632,3,0.325680,2,0.056505,8.209705,8.209705,46808,47469,46032
168,161.642551,147.716761,2,0.157833,1,0.032663,6.823540,6.823540,47025,47485,46566
169,249.235630,222.270012,4,0.443220,3,0.079393,11.945486,11.945486,47867,48576,47174
170,356.333256,327.728987,4,0.625134,3,0.116825,12.471676,12.471676,49130,50778,47798
171,235.815287,213.686228,3,0.346899,2,0.044584,10.590076,10.590076,49107,49626,48432
172,325.846910,301.743507,3,0.366449,2,0.085831,10.739088,10.739088,50117,51147,49012
173,180.140972,162.388325,2,0.167370,1,0.046492,9.890556,9.890556,50127,50684,49570
174,298.510551,269.091606,3,0.472546,2,0.082016,13.835192,13.835192,51103,52124,50088
175,156.153440,143.008947,2,0.147820,1,0.024796,5.949497,5.949497,50955,51399,50512
176,218.860865,196.876049,3,0.328302,2,0.068426,10.407209,10.407209,51870,52603,51060
177,177.592993,164.417267,2,0.206232,1,0.031471,5.764961,5.764961,52377,53049,51706
178,147.791862,134.166241,2,0.165462,1,0.020504,6.304502,6.304502,52768,53209,52328
179,415.330648,385.496855,4,0.582695,3,0.089645,12.862682,12.862682,54429,56180,52970
180,249.230862,225.798130,3,0.314713,2,0.050545,11.797428,11.797428,54657,55616,53646
181,156.151533,142.270327,2,0.148535,1,0.024319,6.523132,6.523132,54477,54710,54244
182,260.904789,238.395214,3,0.373125,2,0.053644,10.581970,10.581970,55660,56672,54852
183,203.210592,186.609507,2,0.175953,1,0.031948,8.720636,8.720636,55977,56491,55464
184,204.004288,184.332132,2,0.200748,1,0.027895,10.318756,10.318756,56441,56836,56046
185,259.135246,230.658293,3,0.382662,2,0.054359,15.259504,15.259504,57133,57894,56618
186,342.055321,318.307161,3,0.350475,2,0.077009,9.783983,9.783983,58432,59625,57134
187,208.596468,193.472385,2,0.153780,1,0.032187,6.334782,6.334782,58252,58769,57736
188,220.456600,204.940557,2,0.169039,1,0.051498,6.686449,6.686449,58854,59398,58310
189,306.276560,280.619144,3,0.618696,2,0.089407,10.473728,10.473728,59848,60979,58812
190,217.878819,201.402903,2,0.167370,1,0.032663,7.739067,7.739067,59915,60544,59286
191,470.247984,437.895298,4,0.539541,3,0.112057,14.600992,14.600992,61144,62918,59770
192,203.655720,187.871933,2,0.171423,1,0.043392,7.535219,7.535219,60750,61243,60258
193,348.514557,325.290442,3,0.362396,2,0.079632,10.256052,10.256052,61747,62729,60824
194,211.750984,192.502260,2,0.167608,1,0.019789,11.151552,11.151552,61837,62148,61526
195,219.774961,203.001738,2,0.194311,1,0.025749,8.275747,8.275747,62881,63613,62150
196,381.791592,349.273920,4,0.598192,3,0.126839,13.497591,13.497591,64543,66062,62790
197,210.173845,192.603827,2,0.258684,1,0.025749,8.679867,8.679867,63947,64364,63530
198,221.098661,204.789400,2,0.189543,1,0.030994,8.090496,8.090496,64603,65034,64172
199,240.018606,224.444628,2,0.166893,1,0.033379,7.045507,7.045507,65282,65746,64818
200,312.409401,286.925077,3,0.317574,2,0.071287,12.544632,12.544632,66522,67459,65548
201,502.485991,464.002132,4,0.645161,3,0.104666,17.633677,17.633677,68049,69992,66194
202,369.243622,341.774225,3,0.344038,2,0.072479,12.351036,12.351036,67947,69030,66850
203,268.528938,252.054691,2,0.182867,1,0.061512,6.408691,6.408691,67965,68447,67484
204,273.499250,256.078243,2,0.174522,1,0.047684,8.337736,8.337736,68797,69466,68128
205,259.491205,243.110180,2,0.191450,1,0.048399,6.867170,6.867170,69462,70055,68870
206,267.012358,247.465849,2,0.253677,1,0.033140,9.717464,9.717464,70229,70854,69604
207,438.566446,409.318209,3,0.369072,2,0.064850,14.295816,14.295816,71722,73119,70256
208,504.599810,468.685865,4,0.627041,3,0.125170,16.187429,16.187429,71992,73089,70774
209,269.724369,251.688719,2,0.176191,1,0.020981,7.713318,7.713318,71924,72558,71290
210,536.018848,490.998030,4,0.535727,3,0.103474,25.782347,25.782347,73651,75679,71868
211,326.535463,302.980900,3,0.321627,2,0.055790,10.164022,10.164022,73752,74837,72558
212,305.142403,284.018517,2,0.189781,1,0.030756,11.689425,11.689425,73778,74372,73184
213,435.186625,400.079012,4,0.583410,3,0.113010,15.752316,15.752316,74934,76201,73666
214,340.700865,324.146986,2,0.179052,1,0.025511,6.685019,6.685019,74760,75233,74288
215,458.960295,424.922705,4,0.521898,3,0.093937,14.651537,14.651537,76558,78058,74960
216,403.668642,376.848459,3,0.375748,2,0.085831,10.755539,10.755539,77025,78591,75518
217,505.431652,462.714434,4,0.554085,3,0.109673,21.164894,21.164894,77939,79989,76180
218,560.873508,524.845123,4,0.578403,3,0.116587,15.781164,15.781164,78746,80508,76852
219,410.006046,378.899813,3,0.516891,2,0.060558,12.147665,12.147665,78946,80401,77400
220,396.234035,364.757061,3,0.475407,2,0.066519,13.278484,13.278484,79527,81129,77988
221,330.967188,304.777622,3,0.336409,2,0.061512,11.595964,11.595964,79796,80791,78710
222,543.234825,504.530430,4,0.608683,3,0.087500,18.537521,18.537521,81337,82700,79546
223,272.369623,254.562616,2,0.180483,1,0.044584,7.945776,7.945776,80715,81166,80264
224,393.636465,363.127232,3,0.360489,2,0.056505,15.131235,15.131235,82204,83429,80848
225,478.303909,447.208881,3,0.476837,2,0.075817,13.555050,13.555050,82777,83929,81526
226,268.158674,248.344898,2,0.192881,1,0.042915,9.921551,9.921551,82707,83213,82202
227,425.108910,394.466400,3,0.414848,2,0.079155,13.731480,13.731480,84174,85510,82800
228,259.813786,242.232561,2,0.168562,1,0.022411,6.566525,6.566525,83933,84334,83532
229,276.296616,254.849434,2,0.222683,1,0.030279,10.659456,10.659456,84887,85513,84262
230,255.681753,236.555576,2,0.176191,1,0.032425,9.021521,9.021521,85857,86719,84996
231,460.925579,426.864624,3,0.410795,2,0.067234,17.307043,17.307043,86658,87598,85724
232,469.656229,436.872244,3,0.428915,2,0.063181,15.363693,15.363693,87737,88987,86340
233,346.467733,325.626373,2,0.262976,1,0.026226,7.815123,7.815123,87655,88350,86960
234,281.835079,254.792690,2,0.294685,1,0.041246,15.829802,15.829802,88093,88491,87696
235,654.629230,610.740662,4,0.518799,3,0.087261,22.258997,22.258997,90399,92063,88524
236,321.118593,299.388409,2,0.188112,1,0.040293,10.974407,10.974407,90116,90999,89234
237,360.400915,339.489698,2,0.248432,1,0.045776,9.589434,9.589434,90591,91241,89942
238,324.968100,303.401947,2,0.214338,1,0.043154,10.593176,10.593176,91283,91794,90772
239,720.772028,676.225424,4,0.611782,3,0.100851,19.825697,19.825697,93028,94539,91528
240,603.048801,558.740139,4,0.647783,3,0.130653,20.555019,20.555019,93890,95504,92184
241,632.045031,590.771675,4,0.534058,3,0.108480,18.850327,18.850327,94075,95320,92966
242,536.272526,495.889425,3,0.369072,2,0.076532,22.142887,22.142887,95128,96647,93742
243,546.596766,513.841152,3,0.376225,2,0.072241,16.283751,16.283751,95796,96954,94406
244,394.586563,370.730639,2,0.188351,1,0.047922,13.164282,13.164282,95769,96394,95144
245,359.969378,335.147858,2,0.268221,1,0.049591,14.065981,14.065981,96471,96950,95992
246,313.590288,291.750669,2,0.200272,1,0.060558,12.382030,12.382030,97583,98396,96770
247,575.737715,544.379711,3,0.388384,2,0.082016,17.299891,17.299891,98628,99738,97426
248,523.821592,485.532284,3,0.394106,2,0.067711,24.859190,24.859190,99665,100975,98086
249,377.975225,348.997593,2,0.218153,1,0.065327,20.232677,20.232677,99338,99920,98756
250,373.729944,348.685741,2,0.187397,1,0.059128,16.210079,16.210079,100254,101078,99430
251,476.855993,441.955090,3,0.315189,2,0.097752,21.558046,21.558046,101397,102602,100116
252,347.035885,325.717211,2,0.231743,1,0.059128,12.388229,12.388229,101554,102241,100868
253,390.975237,370.006800,2,0.193834,1,0.060797,11.904001,11.904001,102450,103284,101616
254,366.964102,335.729599,2,0.285149,1,0.045300,21.248579,21.248579,103050,103794,102306
255,353.367805,328.386784,2,0.194311,1,0.026941,15.368938,15.368938,103948,104893,103004
256,562.817812,519.353151,3,0.398636,2,0.063896,27.561426,27.561426,104859,105944,103818
257,764.784098,711.884499,4,0.607729,3,0.118017,31.431675,31.431675,106924,108974,104626
258,354.633331,329.987288,2,0.189781,1,0.044107,15.709400,15.709400,105925,106537,105314
259,353.027582,326.470375,2,0.195265,1,0.060081,17.154455,17.154455,106861,107605,106118
260,389.118195,359.291792,2,0.168324,1,0.047207,20.418406,20.418406,107778,108630,106926
261,375.725508,355.069876,2,0.200987,1,0.044584,11.126518,11.126518,108335,108988,107682
262,424.364805,397.130013,2,0.178337,1,0.053406,16.640186,16.640186,109006,109508,108504
263,379.409313,354.295015,2,0.174284,1,0.057697,15.741348,15.741348,110030,110788,109272
264,414.250851,388.731718,2,0.191689,1,0.047684,16.074657,16.074657,110670,111363,109978
265,825.774193,779.390812,4,0.626087,3,0.101566,25.172710,25.172710,112951,115246,110696
266,386.288881,358.222723,2,0.161409,1,0.036001,18.439293,18.439293,112133,112787,111480
267,369.812727,339.271307,2,0.241041,1,0.022173,21.221161,21.221161,112956,113551,112362
268,889.068842,838.948727,4,0.711679,3,0.081539,29.045343,29.045343,115379,117195,113260
269,676.398516,639.881611,3,0.354767,2,0.083208,21.542788,21.542788,115427,116762,114064
270,434.477568,412.754536,2,0.224590,1,0.057459,11.776686,11.776686,115574,116348,114800
271,641.663074,595.885754,3,0.418425,2,0.091553,29.950619,29.950619,117324,118775,115608
272,664.067745,625.504255,3,0.436306,2,0.070810,22.572279,22.572279,118331,120185,116408
273,663.951635,611.048222,4,0.587702,3,0.104666,30.936956,30.936956,119453,121492,117246
274,621.678114,585.156441,3,0.390291,2,0.069618,20.030260,20.030260,119289,120565,118108
275,878.843069,821.446419,4,0.626564,3,0.102282,35.604477,35.604477,120955,122508,118880
276,779.638767,722.031593,4,0.570059,3,0.117302,35.877466,35.877466,121802,124039,119762
277,649.343252,606.667042,3,0.388861,2,0.066519,26.576042,26.576042,122558,124365,120634
278,453.267336,424.303055,2,0.313997,1,0.034571,18.280029,18.280029,122097,122801,121394
279,437.796116,410.369396,2,0.189066,1,0.041485,15.569687,15.569687,122860,123565,122156
280,468.185902,434.976339,2,0.245810,1,0.027418,21.588802,21.588802,123958,124989,122928
281,905.033827,851.699114,4,0.557184,3,0.114441,28.848648,28.848648,125663,127773,123716
282,504.840374,474.720716,2,0.218391,1,0.060320,19.410610,19.410610,125350,126188,124512
283,494.452953,463.330507,2,0.217915,1,0.048637,19.706249,19.706249,126216,127122,125310
284,446.618795,413.914442,2,0.217915,1,0.025749,21.666050,21.666050,127024,127932,126116
285,464.046240,434.134960,2,0.416756,1,0.068665,17.863274,17.863274,127826,128643,127010
286,607.603550,564.096928,3,0.446081,2,0.062943,26.130676,26.130676,129330,130608,127866
287,454.525709,425.611258,2,0.177860,1,0.019789,17.333031,17.333031,129273,129921,128626
288,718.225956,676.822424,3,0.425577,2,0.106573,24.152756,24.152756,131247,132693,129472
289,452.211618,422.680855,2,0.160217,1,0.027418,18.006802,18.006802,130938,131458,130418
290,454.603434,424.084425,2,0.244856,1,0.044346,17.762661,17.762661,131797,132318,131276
291,566.033363,536.911249,2,0.195265,1,0.044107,17.745018,17.745018,132722,133435,132010
292,709.461689,662.803173,3,0.365019,2,0.087023,28.689861,28.689861,134323,135993,132800
293,860.518217,805.314779,3,0.515461,2,0.071287,33.361435,33.361435,134985,136221,133630
294,487.587214,457.593441,2,0.235558,1,0.025749,18.076420,18.076420,135342,136149,134536
295,870.484591,817.166805,3,0.394821,2,0.070095,34.521103,34.521103,137143,138707,135496
296,599.201202,567.297697,2,0.221252,1,0.048399,18.008471,18.008471,137221,138023,136420
297,610.856056,573.495626,2,0.218630,1,0.045300,21.928072,21.928072,137596,137893,137300
298,1189.227581,1122.203350,4,0.617504,3,0.112057,40.471315,40.471315,140673,142796,138104
299,598.444700,559.477329,2,0.202894,1,0.047684,26.687145,26.687145,139961,141051,138872
300,562.074423,521.655083,2,0.204325,1,0.039577,27.796745,27.796745,140591,141540,139642
301,621.752024,585.058212,2,0.250101,1,0.039816,23.547411,23.547411,141545,142639,140452
302,1168.405533,1099.380970,4,0.592947,3,0.107050,43.519974,43.519974,143667,145937,141314
303,587.562561,551.709652,2,0.209093,1,0.036955,21.978378,21.978378,143012,143880,142144
304,1025.074720,970.613241,3,0.706434,2,0.084400,28.775930,28.775930,144549,146044,142984
305,583.859205,545.452356,2,0.198126,1,0.031233,25.705576,25.705576,144783,145738,143828
306,545.062780,510.810137,2,0.175953,1,0.042439,20.999908,20.999908,145248,145875,144622
307,570.150375,536.214352,2,0.224113,1,0.022888,21.448851,21.448851,145963,146498,145428
308,871.872902,816.020727,3,0.449896,2,0.057697,35.708666,35.708666,147756,149059,146312
309,1007.636547,955.499649,3,0.447750,2,0.073910,29.260874,29.260874,148918,150751,147248
310,959.208727,906.975746,3,0.367641,2,0.063181,32.535315,32.535315,149845,151367,148130
311,897.002697,848.615646,3,0.422001,2,0.086784,28.267622,28.267622,150721,152267,149040
312,945.491076,897.668600,3,0.438213,2,0.068426,28.332949,28.332949,151863,153439,149942
313,581.380129,546.618462,2,0.171900,1,0.030518,21.101952,21.101952,151388,151918,150858
314,1120.465755,1054.440260,4,0.619173,3,0.450373,39.247036,39.247036,154034,155737,151876
315,1312.224627,1235.931158,4,0.737906,3,0.122786,47.521830,47.521830,155021,157639,152890
316,548.162460,515.245914,2,0.181437,1,0.030518,20.074844,20.074844,154478,155054,153902
317,1162.363768,1085.484028,4,0.727415,3,0.094652,47.700882,47.700882,157479,160204,154948
318,906.270981,855.282784,3,0.404835,2,0.076771,31.241894,31.241894,157363,158795,156020
319,623.335838,589.316130,2,0.188828,1,0.023365,21.273136,21.273136,158056,159012,157100
320,1178.271532,1107.595921,4,0.601768,3,0.146627,42.826653,42.826653,160865,162934,158064
321,658.690453,620.312929,2,0.197649,1,0.031948,24.358749,24.358749,159858,160771,158946
322,1042.680264,988.076687,3,0.406981,2,0.082970,33.530712,33.530712,161611,163334,159910
323,924.311876,862.123251,3,0.676394,2,0.092268,39.517164,39.517164,162728,164140,160972
324,1325.127840,1258.238316,4,0.706196,3,0.100851,37.839413,37.839413,164706,167633,161960
325,580.206156,544.914484,2,0.191689,1,0.028133,21.411657,21.411657,163655,164495,162816
326,639.277220,605.889797,2,0.193119,1,0.043869,19.666672,19.666672,164168,164670,163666
327,686.264515,644.185305,2,0.203609,1,0.053406,21.586657,21.586657,165583,166642,164524
328,745.218754,711.085320,2,0.179529,1,0.028610,20.831347,20.831347,166448,167388,165508
329,858.684301,808.744669,3,0.408888,2,0.050783,28.941393,28.941393,168281,169823,166534
330,652.493238,617.726564,2,0.187397,1,0.028372,20.738602,20.738602,168496,169480,167512
331,1124.611139,1075.405836,3,0.461340,2,0.075579,27.213335,27.213335,170480,172472,168538
332,929.373026,880.157948,3,0.408173,2,0.055552,28.903723,28.903723,170934,172194,169628
333,1106.563091,1042.548180,3,0.447035,2,0.091314,38.226366,38.226366,172833,174990,170680
334,1328.578472,1253.945827,4,0.616312,3,0.096083,45.416594,45.416594,174171,176663,171742
335,778.105974,741.696358,2,0.214100,1,0.027418,20.819426,20.819426,173846,174936,172756
336,672.847271,636.697769,2,0.182867,1,0.038624,18.201113,18.201113,174276,174784,173768
337,1380.647659,1300.511837,4,0.608206,3,0.118256,49.216747,49.216747,177526,179719,174938
338,755.739450,716.754436,2,0.180960,1,0.034332,23.817539,23.817539,176985,178000,175970
339,1162.626505,1105.853558,3,0.424623,2,0.092745,33.902645,33.902645,178553,180394,176902
340,788.990498,749.815702,2,0.232935,1,0.025988,23.711920,23.711920,178804,179782,177826
341,1717.934132,1632.006884,4,0.770092,3,0.100613,48.754215,48.754215,181285,183273,178788
342,1256.309509,1203.989267,3,0.378132,2,0.076532,29.970646,29.970646,181440,183152,179822
343,1161.656857,1101.814747,3,0.398636,2,0.077486,33.889771,33.889771,182886,184904,180772
344,801.439285,759.234905,2,0.200987,1,0.037909,26.384354,26.384354,182593,183523,181664
345,740.115166,691.599369,2,0.216246,1,0.053883,32.518387,32.518387,183363,184168,182558
346,1517.200708,1438.835382,4,0.643969,3,0.123262,40.073395,40.073395,187146,190790,183520
347,692.487001,650.477648,2,0.222206,1,0.039577,26.043177,26.043177,185667,186790,184544
348,1340.408802,1265.588045,4,0.654459,3,0.114679,42.841196,42.841196,187891,190540,185658
349,825.408697,787.264109,2,0.250578,1,0.048161,22.564173,22.564173,187984,189255,186714
350,1595.704079,1516.889334,4,0.712395,3,0.135422,46.129704,46.129704,190698,193807,187636
351,863.409758,821.516275,2,0.209332,1,0.032663,18.841028,18.841028,189682,190792,188572
352,1244.941235,1171.443939,3,0.709057,2,0.098705,42.528868,42.528868,190912,192158,189652
353,1533.809423,1464.178324,3,0.483751,2,0.050068,38.662672,38.662672,192272,194150,190748
354,1172.438860,1109.866858,3,0.367641,2,0.043392,35.754919,35.754919,192884,194114,191724
355,875.128984,835.687399,2,0.211000,1,0.022173,22.197962,22.197962,193394,194080,192708
356,849.300861,808.660507,2,0.293255,1,0.027895,23.157597,23.157597,194735,195743,193728
357,847.158194,805.648088,2,0.220299,1,0.026464,22.490025,22.490025,195799,196809,194790
358,1810.080767,1710.136890,4,0.812054,3,0.118494,57.479620,57.479620,199388,202596,195830
359,1388.643503,1325.614214,3,0.424147,2,0.076771,37.199497,37.199497,198478,200229,196864
360,955.962896,916.047335,2,0.205040,1,0.047445,20.795107,20.795107,198997,200098,197896
361,1817.627430,1729.202986,4,0.725031,3,0.087976,54.092407,54.092407,201941,204687,198938
362,1447.615147,1374.567509,3,0.489473,2,0.059128,43.741703,43.741703,201890,203933,199996
363,979.257345,904.408693,2,0.356913,1,0.091076,29.403210,29.403210,201902,202845,200960
364,925.632715,884.108782,2,0.202894,1,0.036716,25.165081,25.165081,203262,204587,201938
365,1747.213602,1666.079760,4,0.667095,3,0.105381,45.274496,45.274496,205577,208076,203024
366,772.931337,729.066133,2,0.197172,1,0.027180,26.645660,26.645660,204779,205537,204022
367,811.674118,770.880938,2,0.195742,1,0.030041,24.647951,24.647951,206030,207140,204920
368,880.079269,838.012457,2,0.230312,1,0.026464,24.907827,24.907827,206731,207542,205920
369,1776.200294,1697.190046,4,0.688314,3,0.104427,43.087482,43.087482,209908,212786,206936
370,1622.264862,1516.324997,4,0.824928,3,0.113010,55.054188,55.054188,210699,213019,207880
371,801.490307,756.923199,2,0.181437,1,0.025511,26.580095,26.580095,209787,210607,208968
372,1105.640650,1063.560247,2,0.205994,1,0.023842,24.372339,24.372339,211206,212296,210116
373,983.750105,938.475132,2,0.296831,1,0.026464,26.935101,26.935101,212325,213522,211128
374,1670.939684,1589.949608,4,0.655413,3,0.118732,45.916319,45.916319,214897,217213,212230
375,1589.213133,1504.120827,4,0.598431,3,0.092268,49.536228,49.536228,216267,218666,213494
376,1408.280373,1343.110800,3,0.441074,2,0.059605,37.766695,37.766695,216801,218893,214662
377,1312.501431,1243.464231,3,0.424147,2,0.079393,39.934158,39.934158,218113,220440,215734
378,1482.802629,1421.773911,3,0.444412,2,0.087976,33.977985,33.977985,218796,220615,216826
379,1319.277525,1257.350922,3,0.395536,2,0.067472,35.587549,35.587549,220084,222074,217938
380,1957.487106,1866.057158,4,0.642061,3,0.121832,55.521727,55.521727,222450,225896,219070
381,2067.686796,1975.690842,4,0.609636,3,0.082016,51.027298,51.027298,222669,225504,220194
382,1019.185543,971.203089,2,0.213623,1,0.027895,29.176712,29.176712,222374,223451,221298
383,1029.097080,984.668016,2,0.275850,1,0.026703,24.501801,24.501801,223525,224722,222328
384,926.353693,886.053562,2,0.251293,1,0.025988,20.330429,20.330429,224411,225532,223290
385,1845.247507,1757.786989,4,0.674009,3,0.094414,50.930738,50.930738,227724,230945,224354
386,1736.072302,1640.012980,4,0.659943,3,0.119925,58.548450,58.548450,228989,232327,225582
387,978.024721,932.682753,2,0.192165,1,0.033855,27.705193,27.705193,227802,228889,226716
388,910.570145,859.019279,2,0.181198,1,0.038385,33.408403,33.408403,228535,229222,227848
389,1427.234173,1360.649109,3,0.429630,2,0.062466,38.846970,38.846970,230947,232934,229060
390,1341.290712,1279.353857,3,0.428915,2,0.046730,33.324003,33.324003,231963,233827,230288
391,1035.837173,988.198280,2,0.206709,1,0.021696,29.206753,29.206753,232692,233870,231514
392,1688.980103,1594.582558,4,0.627756,3,0.098467,56.037426,56.037426,235473,237874,232644
393,1117.928028,1074.452162,2,0.212669,1,0.031710,24.142265,24.142265,234849,235998,233700
394,2215.573311,2111.440420,4,0.981569,3,0.112057,62.802315,62.802315,238247,241302,234698
395,942.192078,891.139269,2,0.205517,1,0.026464,31.522036,31.522036,236502,237230,235774
396,1031.822443,977.954865,2,0.215769,1,0.032902,34.338713,34.338713,238345,239785,236906
397,2159.881592,2075.515270,4,0.688791,3,0.094175,44.986486,44.986486,241787,245771,237986
398,1425.415277,1349.438429,3,0.498056,2,0.070810,47.109604,47.109604,240998,242831,239174
399,1116.009712,1071.271181,2,0.214338,1,0.042677,25.531530,25.531530,241347,242283,240412
400,1531.749725,1456.412077,3,0.469446,2,0.077963,45.867920,45.867920,243866,245750,241660
401,2225.797415,2133.165598,4,0.652552,3,0.112057,53.245068,53.245068,246140,249257,242924
402,1071.932077,1019.129992,2,0.222206,1,0.025749,32.918453,32.918453,245157,246227,244088
403,1035.535336,992.313623,2,0.238895,1,0.021935,22.436619,22.436619,245822,246390,245254
404,1070.135355,1020.994663,2,0.184059,1,0.025272,30.176640,30.176640,247699,248880,246518
405,1232.830763,1188.133001,2,0.224113,1,0.026226,25.120258,25.120258,248564,249358,247770
406,1069.923878,1019.392252,2,0.231028,1,0.025988,29.505968,29.505968,249991,251061,248922
407,2186.040401,2088.169336,4,0.713587,3,0.104427,57.173014,57.173014,253373,256538,250102
408,1468.128681,1391.804695,3,0.419855,2,0.051498,46.191454,46.191454,253312,255199,251398
409,1175.963402,1121.306896,2,0.203371,1,0.027657,34.274817,34.274817,253995,255314,252676
410,1074.078798,1021.670818,2,0.169277,1,0.026941,30.939341,30.939341,254112,254451,253774
411,1195.998430,1151.200533,2,0.298023,1,0.026941,23.029327,23.029327,256009,257037,254982
412,1991.261482,1890.208006,4,0.577688,3,0.068903,59.686899,59.686899,258401,261035,256384
413,1268.487692,1213.239193,2,0.243664,1,0.048637,34.041405,34.041405,258852,260092,257612
414,1104.512453,1055.891991,2,0.200748,1,0.025034,27.330637,27.330637,259788,260859,258718
415,1235.383511,1191.630363,2,0.225544,1,0.049829,21.452904,21.452904,261086,262161,260012
416,1242.594481,1191.891670,2,0.209808,1,0.028133,28.947830,28.947830,262592,263888,261296
417,1236.349106,1184.967756,2,0.226021,1,0.049353,31.024933,31.024933,263630,264789,262472
418,2376.950979,2273.326635,4,0.760555,3,0.128508,57.987213,57.987213,266699,270001,263686
419,2572.952271,2470.550776,4,0.668287,3,0.123262,58.999538,58.999538,268300,271750,264894
420,1170.238972,1119.168043,2,0.211477,1,0.046492,30.130386,30.130386,267173,268149,266198
421,1690.538406,1613.253117,3,0.404119,2,0.092983,45.668840,45.668840,269805,271696,267512
422,2481.815100,2376.397371,4,0.753641,3,0.118971,62.283278,62.283278,272024,275394,268740
423,1821.017265,1742.781639,3,0.451088,2,0.073433,45.866251,45.866251,272292,274753,270092
424,2589.450359,2497.871637,4,0.709295,3,0.125885,47.761202,47.761202,274636,277879,271454
425,1268.503904,1216.319799,2,0.222206,1,0.026464,30.962467,30.962467,274089,275364,272814
426,1320.820570,1271.529436,2,0.245094,1,0.047922,27.873278,27.873278,275619,276970,274268
427,1922.208309,1851.340532,3,0.479698,2,0.064850,38.095713,38.095713,277163,278870,275600
428,1274.026394,1222.662449,2,0.224352,1,0.026464,29.771805,29.771805,277897,279069,276726
429,2072.365761,1995.004654,3,0.500679,2,0.411987,43.820858,43.820858,279689,281685,277788
430,1918.839931,1841.694832,3,0.428438,2,0.059843,44.105530,44.105530,281463,283753,278940
431,1774.895668,1694.320917,3,0.469208,2,0.065565,44.418812,44.418812,282362,283925,280198
432,2056.463957,1977.074385,3,0.469685,2,0.077248,45.089483,45.089483,283684,285888,281466
433,1915.379763,1835.216999,3,0.521183,2,0.075817,46.011686,46.011686,285725,288637,282702
434,1990.039825,1902.493715,3,0.441074,2,0.063896,53.733349,53.733349,286124,288366,283938
435,2784.528255,2674.697399,4,0.741243,3,0.159740,61.923027,61.923027,288305,291296,285194
436,1306.603432,1253.025770,2,0.205994,1,0.030279,31.173229,31.173229,288030,289613,286448
437,2281.972647,2172.732830,4,0.633240,3,0.112057,61.554432,61.554432,290972,294034,287618
438,3033.109903,2926.605225,4,1.498461,3,0.130653,54.451466,54.451466,292317,296120,288822
439,1285.626888,1229.062080,2,0.222206,1,0.035763,34.143925,34.143925,291140,292173,290108
440,1415.595055,1365.114450,2,0.243425,1,0.031471,28.496981,28.496981,292807,294142,291472
441,2001.756191,1920.811176,3,0.462055,2,0.073671,45.608282,45.608282,295241,297366,292842
442,1359.292030,1296.354294,2,0.219345,1,0.049829,37.467003,37.467003,295363,296595,294132
443,1298.458576,1234.184265,2,0.207663,1,0.049829,36.911488,36.911488,296493,297465,295522
444,1261.390209,1204.100132,2,0.193119,1,0.033140,32.274485,32.274485,298023,299047,297000
445,3052.237511,2923.289299,4,0.735283,3,0.117302,75.217009,75.217009,303236,308105,298388
446,2265.838861,2173.984289,3,0.443697,2,0.065088,51.118612,51.118612,302679,305801,299682
447,1865.172386,1778.153896,3,0.467300,2,0.070572,52.100420,52.100420,303274,305423,300888
448,2767.809868,2645.568132,4,0.695944,3,0.115633,70.667028,70.667028,305816,309147,302104
449,2962.443590,2853.646517,4,0.674486,3,0.110388,61.918259,61.918259,306605,310097,303418
450,2612.210035,2508.837223,4,0.715494,3,0.117779,55.559874,55.559874,308414,311988,304832
451,1348.632812,1291.192055,2,0.195265,1,0.022173,34.364223,34.364223,307069,307794,306344
452,1502.210140,1451.645613,2,0.281334,1,0.043154,27.633905,27.633905,309297,310939,307656
453,2100.438356,2017.932415,3,0.424147,2,0.066042,47.827244,47.827244,311045,313013,308786
454,2559.156418,2442.154408,4,0.655890,3,0.114202,70.441961,70.441961,312939,315497,310130
455,1698.595285,1646.153212,2,0.239134,1,0.042439,28.078318,28.078318,312754,313951,311558
456,2945.185661,2830.330849,4,0.678778,3,0.114918,66.405773,66.405773,316164,319311,312888
457,3328.147173,3219.343901,4,0.707150,3,0.098944,57.528019,57.528019,317796,322016,314228
458,2184.843540,2102.057934,3,0.454903,2,0.068426,46.848297,46.848297,318330,320897,315562
459,1420.110464,1366.621017,2,0.209808,1,0.037193,30.289888,30.289888,317889,318979,316800
460,1460.936546,1401.739836,2,0.223398,1,0.025988,35.528183,35.528183,319351,320563,318140
461,1397.395134,1347.030878,2,0.197172,1,0.027657,26.458502,26.458502,320113,320742,319484
462,2271.305323,2182.467222,3,0.418663,2,0.066757,52.150011,52.150011,322717,324793,320736
463,1645.724058,1585.873604,2,0.236750,1,0.044584,35.310745,35.310745,323371,324557,322186
464,3114.594221,2997.911215,4,0.743151,3,0.107050,66.116333,66.116333,326884,329771,323636
465,2415.834427,2330.046892,3,0.506878,2,0.070810,47.635078,47.635078,327420,330109,325000
466,1630.079508,1574.880838,2,0.253677,1,0.048637,29.263496,29.263496,327831,329304,326358
467,1484.958649,1424.871683,2,0.222683,1,0.031471,34.334421,34.334421,329044,330480,327608
468,3052.870750,2941.393614,4,0.691891,3,0.104427,62.081099,62.081099,332860,335887,328874
469,1471.617699,1415.542126,2,0.206709,1,0.028610,31.811237,31.811237,331184,332030,330338
470,1731.468916,1680.871725,2,0.242949,1,0.045538,25.831699,25.831699,333504,335209,331800
471,1739.406347,1682.388067,2,0.220776,1,0.026703,32.166719,32.166719,334403,335647,333160
472,3172.114134,3050.986528,4,0.692368,3,0.107288,69.675922,69.675922,338860,342931,334536
473,2910.934687,2813.775539,3,0.461817,2,0.075817,57.249546,57.249546,338692,341559,335928
474,1541.547537,1485.071182,2,0.297070,1,0.039577,31.640053,31.640053,337910,338513,337308
475,2510.623217,2425.902367,3,0.427723,2,0.069618,45.720816,45.720816,341505,344041,338708
476,2112.719536,2020.705938,3,0.431299,2,0.072002,54.145575,54.145575,342072,343836,340212
477,1553.428650,1490.289450,2,0.205040,1,0.026941,37.830353,37.830353,342880,343965,341796
478,2599.809885,2496.854305,3,0.463247,2,0.060320,58.086157,58.086157,346131,349290,343292
479,1546.196222,1486.837149,2,0.193119,1,0.030279,34.489155,34.489155,345198,345697,344700
480,3149.408102,3018.950224,4,0.659704,3,0.106096,78.416586,78.416586,348852,351351,346210
481,2443.160295,2338.701725,3,0.463486,2,0.079870,58.229685,58.229685,350549,353247,347736
482,3220.266104,3092.426062,4,0.642776,3,0.089884,75.849056,75.849056,353114,357321,349050
483,1810.206652,1756.240129,2,0.217199,1,0.038385,27.048826,27.048826,351607,352861,350354
484,1747.161627,1686.813354,2,0.231981,1,0.027180,35.012960,35.012960,352951,354155,351748
485,3754.893303,3628.576279,4,0.704765,3,0.118256,70.658207,70.658207,357203,361575,353162
486,3636.127710,3511.015892,4,0.686407,3,0.120640,69.828749,69.828749,358854,362634,354630
487,1760.143518,1697.489738,2,0.223398,1,0.026464,36.294937,36.294937,357087,358092,356082
488,2609.959602,2514.555693,3,0.535488,2,0.103951,50.460815,50.460815,359799,362066,357400
489,2682.303667,2559.507847,3,0.536442,2,0.079393,70.183754,70.183754,360935,363233,358706
490,3738.276243,3593.025684,4,0.791311,3,0.120401,82.819223,82.819223,364382,368301,360118
491,1949.646950,1887.628078,2,0.225067,1,0.043154,35.650969,35.650969,362932,364327,361538
492,2809.870720,2701.622486,3,0.486612,2,0.070333,69.608927,69.608927,365407,367748,362972
493,3569.587469,3426.625490,4,0.705957,3,0.111580,87.896585,87.896585,367784,371008,364312
494,3708.431482,3562.481403,4,0.712395,3,0.108480,95.268965,95.268965,369552,373246,365744
495,1892.347813,1823.256254,2,0.230789,1,0.026226,43.519258,43.519258,368783,370191,367376
496,1782.482862,1712.613106,2,0.266552,1,0.026703,44.404984,44.404984,370434,371940,368928
497,2964.076519,2863.070488,3,0.451326,2,0.082016,61.732531,61.732531,373165,376359,370400
498,1942.503691,1877.450705,2,0.222683,1,0.041246,39.272308,39.272308,373357,374966,371748
499,1920.139551,1852.095604,2,0.231743,1,0.026941,41.995764,41.995764,374785,376390,373180
500,1940.886974,1871.460915,2,0.227213,1,0.047445,43.323040,43.323040,375525,376434,374616
501,2633.211374,2518.788815,3,0.433683,2,0.065804,62.939882,62.939882,379009,381811,376068
502,3420.129299,3278.059959,4,0.817060,3,0.127554,84.942818,84.942818,382145,387137,377536
503,3313.352823,3166.789055,4,0.705719,3,0.112772,93.994379,93.994379,382317,386399,379014
504,2882.400513,2774.270296,3,0.467539,2,0.053406,67.887068,67.887068,383515,386525,380714
505,1812.938213,1744.867563,2,0.282049,1,0.025511,41.731596,41.731596,384259,386097,382422
506,3691.367865,3554.527044,4,0.705481,3,0.116825,82.454443,82.454443,388379,392536,384144
507,2025.551319,1954.076529,2,0.227928,1,0.025272,44.183254,44.183254,387574,389419,385730
508,3206.149340,3091.290951,3,0.547171,2,0.109911,66.611290,66.611290,390891,394598,387192
509,2030.789852,1967.770576,2,0.286579,1,0.032663,34.810543,34.810543,390157,391656,388658
510,4077.601433,3943.734884,4,0.678539,3,0.092506,78.937769,78.937769,394878,399473,390132
511,4146.618605,4009.907007,4,0.694752,3,0.102282,80.290794,80.290794,395506,399867,391622
512,4049.015522,3903.932571,4,0.708103,3,0.116587,85.417032,85.417032,397266,401450,393002
513,2261.364698,2195.435762,2,0.248432,1,0.046968,38.002014,38.002014,395481,396574,394388
514,4536.724091,4401.149035,4,0.756741,3,0.510931,78.385115,78.385115,400014,404264,395890
515,3167.852640,3060.951948,3,0.534058,2,0.049591,63.470840,63.470840,400459,403199,397418
516,2201.943874,2124.439955,2,0.226736,1,0.026226,46.173334,46.173334,400316,401711,398922
517,3567.406416,3463.751793,3,0.494480,2,0.080347,59.345007,59.345007,403111,406335,400436
518,2441.587687,2368.222713,2,0.227690,1,0.028849,41.174889,41.174889,403643,405294,401992
519,2251.310110,2184.364796,2,0.225782,1,0.026226,36.991358,36.991358,405008,406606,403410
520,2239.770174,2173.871040,2,0.231266,1,0.026464,34.662485,34.662485,406491,408180,404802
521,3163.489342,3044.010878,3,0.691175,2,0.088930,71.492195,71.492195,409258,411599,406432
522,2339.179754,2269.837618,2,0.223160,1,0.026703,37.235498,37.235498,409964,411863,408066
523,3207.516670,3096.669197,3,0.472307,2,0.054359,66.969395,66.969395,411644,413374,409614
524,2559.398890,2483.363628,2,0.221252,1,0.031948,42.727947,42.727947,412468,413791,411146
525,4394.153595,4227.392912,4,0.993013,3,0.148535,101.537704,101.537704,417420,422606,412542
526,2123.328209,2047.066212,2,0.231266,1,0.025511,45.814514,45.814514,415154,416350,413958
527,2319.595575,2253.593445,2,0.244141,1,0.031710,35.243750,35.243750,416872,418265,415480
528,2378.124475,2306.634188,2,0.252962,1,0.055790,41.127920,41.127920,418428,419823,417034
529,3665.158033,3551.677942,3,0.492096,2,0.092745,67.597628,67.597628,421904,425316,418492
530,2399.799347,2319.299221,2,0.339270,1,0.061989,45.602322,45.602322,421613,423324,419902
531,2241.367340,2162.845373,2,0.234842,1,0.032187,49.438000,49.438000,422616,423710,421522
532,5097.941637,4939.831972,4,0.887394,3,0.149250,92.007875,92.007875,428246,432781,423158
533,4921.991825,4767.805338,4,0.695705,3,0.094652,92.012882,92.012882,428757,432260,424724
534,2590.746880,2522.848845,2,0.233412,1,0.027895,36.809206,36.809206,427917,429638,426196
535,3777.213335,3654.740095,3,0.602961,2,0.070810,73.186636,73.186636,430853,434226,427542
536,3477.946043,3345.990658,3,0.532866,2,0.059605,79.296112,79.296112,431522,433737,428992
537,3298.890591,3176.331520,3,0.453949,2,0.075817,75.021029,75.021029,433424,435792,430540
538,3603.987455,3476.187229,3,0.521421,2,0.073671,75.729370,75.729370,434799,437406,432098
539,2876.913309,2781.839132,2,0.242949,1,0.030994,40.302753,40.302753,434549,435542,433556
540,2644.231081,2547.271967,2,0.291109,1,0.031710,63.488483,63.488483,436465,437919,435012
541,4962.601185,4812.128305,4,0.744820,3,0.093937,87.931156,87.931156,440936,445472,436578
542,2378.280163,2308.691978,2,0.299692,1,0.033855,36.274433,36.274433,439774,441301,438248
543,2588.347197,2518.616915,2,0.219584,1,0.026703,38.045406,38.045406,441343,442875,439812
544,1570.265532,1538.609028,1,0.000000,0,0.000000,16.855478,16.855478,441300,441300,441300
545,4114.540815,3978.373289,3,0.633478,2,0.077248,81.082106,81.082106,445813,448905,442804
546,2852.141142,2765.030146,2,0.254869,1,0.039101,51.126719,51.126719,444992,445695,444290
547,3507.053614,3386.655807,3,0.530243,2,0.072718,71.218014,71.218014,447748,449559,445974
548,5172.044039,5013.934135,4,0.816345,3,0.105381,90.924740,90.924740,451991,456303,447664
549,5118.297815,4962.485313,4,0.763893,3,0.106573,89.983225,89.983225,453442,457755,449260
550,2817.487240,2742.980003,2,0.238419,1,0.027180,42.206049,42.206049,452756,454753,450760
551,5284.009695,5132.377386,4,0.697851,3,0.097513,88.086843,88.086843,456961,461681,452270
552,4281.377792,4162.648678,3,0.567198,2,0.056505,68.372488,68.372488,457208,460309,453906
553,5201.223135,5024.916887,4,0.828028,3,0.146151,104.634762,104.634762,459977,464215,455532
554,2737.491369,2663.138151,2,0.319481,1,0.051498,41.261435,41.261435,458529,459903,457156
555,2573.615074,2492.745399,2,0.367641,1,0.037193,47.095776,47.095776,459631,460585,458678
556,5263.931036,5104.246616,4,0.891924,3,0.128746,90.432644,90.432644,465343,469965,460216
557,2682.361603,2589.604855,2,0.381947,1,0.031471,56.607485,56.607485,462952,464016,461888
558,4731.801510,4549.525499,4,0.818729,3,0.113487,114.263773,114.263773,466758,470240,463630
559,3652.839661,3513.257265,3,0.476360,2,0.078678,87.313175,87.313175,469360,473115,465454
560,4258.102894,4115.320683,3,0.517607,2,0.096798,85.088730,85.088730,470706,474112,467222
561,2675.000906,2592.674017,2,0.272274,1,0.048637,48.391819,48.391819,470961,473001,468922
562,3072.047949,2994.512081,2,0.294924,1,0.049591,41.002512,41.002512,472286,473887,470686
563,4453.997612,4334.645510,3,0.538111,2,0.098228,68.208456,68.208456,474563,476383,472466
564,5253.146887,5063.176870,4,0.751495,3,0.101328,115.325689,115.325689,478653,482796,474048
565,3029.542923,2937.603712,2,0.280142,1,0.027180,52.161694,52.161694,476987,478409,475566
566,5531.059742,5366.388798,4,0.817299,3,0.102282,95.300436,95.300436,480713,483567,477094
567,3301.618099,3218.387127,2,0.364780,1,0.045776,41.683435,41.683435,480370,482056,478684
568,5731.055021,5560.204506,4,0.911951,3,0.148296,93.616724,93.616724,486344,492342,480364
569,5452.675343,5283.509731,4,0.830412,3,0.142336,95.613718,95.613718,486742,491813,482112
570,2923.527002,2842.007160,2,0.232697,1,0.033855,47.720909,47.720909,485422,486873,483972
571,5815.281630,5629.147768,4,0.952721,3,0.105381,111.038446,111.038446,489821,494207,485722
572,5830.201387,5664.953232,4,0.942230,3,0.099659,90.809107,90.809107,492432,497485,487280
573,2784.484625,2702.225685,2,0.313282,1,0.056744,43.199301,43.199301,490364,491893,488836
574,3140.706539,3063.560247,2,0.346184,1,0.057697,41.592836,41.592836,491823,493257,490390
575,4494.344950,4364.432096,3,0.679731,2,0.101566,75.439692,75.439692,495301,498756,491952
576,4800.915956,4657.897949,3,0.627756,2,0.160456,82.480907,82.480907,496583,499016,493616
577,6135.020733,5945.151091,4,0.908136,3,0.123501,110.538006,110.538006,500440,505272,495332
578,4008.701563,3857.369900,3,0.582218,2,0.081778,91.444016,91.444016,500002,503302,497156
579,4294.798136,4152.483463,3,0.604630,2,0.073195,80.268621,80.268621,502588,505844,498852
580,3363.596439,3274.477482,2,0.315189,1,0.038862,47.834635,47.834635,502257,504076,500438
581,2779.666424,2694.557190,2,0.298500,1,0.036716,46.115160,46.115160,503324,504432,502216
582,2732.584715,2639.526844,2,0.265598,1,0.031948,55.201054,55.201054,504855,505712,503998
583,2947.949886,2870.055199,2,0.333786,1,0.028372,40.249109,40.249109,507553,509426,505680
584,4163.494110,4033.445597,3,0.542402,2,0.108480,73.824644,73.824644,510269,512807,507482
585,3179.392815,3078.257561,2,0.248432,1,0.036240,50.663948,50.663948,510913,512539,509288
586,3089.903116,2995.833635,2,0.223160,1,0.038624,56.691170,56.691170,512420,513748,511092
587,5389.502048,5214.601994,4,0.855923,3,0.151396,101.994038,101.994038,517809,521831,513022
588,4321.779728,4181.326389,3,0.526428,2,0.053644,83.103180,83.103180,518083,521888,514756
589,4961.132765,4803.874254,3,0.651598,2,0.090122,91.166973,91.166973,519937,523191,516406
590,4093.765974,3949.824333,3,0.491858,2,0.070333,89.939594,89.939594,519514,520908,518130
591,6739.157200,6550.388575,4,0.962734,3,0.121832,103.889942,103.889942,524732,528705,519736
592,3275.237799,3178.314209,2,0.285625,1,0.028610,59.302330,59.302330,523247,525154,521340
593,3187.451601,3097.223997,2,0.247002,1,0.026941,45.844078,45.844078,524315,525688,522942
594,4491.605997,4368.365526,3,0.626564,2,0.082254,66.816807,66.816807,528319,532088,524574
595,5844.391584,5660.247087,4,0.933647,3,0.124693,105.534792,105.534792,530529,534600,526420
596,5049.865007,4903.593063,3,0.544786,2,0.095606,81.487894,81.487894,531579,535105,528302
597,3631.169081,3534.664154,2,0.290632,1,0.027418,53.158760,53.158760,531564,533091,530038
598,6379.098415,6167.870045,4,0.837088,3,0.125647,127.676249,127.676249,536520,541444,531784
599,4682.853460,4530.387402,3,0.648737,2,0.087023,85.464239,85.464239,536806,540405,533478
600,4442.473888,4288.829803,3,0.507355,2,0.090599,92.078686,92.078686,538742,542323,535256
601,6680.723667,6492.159128,4,0.821590,3,0.094414,107.117891,107.117891,542373,548003,537102
602,6578.634024,6389.838934,4,0.915051,3,0.118017,110.890865,110.890865,544664,550260,538828
603,3143.401384,3043.505430,2,0.294209,1,0.031710,60.869217,60.869217,542809,545011,540608
604,3344.782829,3254.579544,2,0.369787,1,0.034094,48.106670,48.106670,543928,545559,542298
605,3490.730286,3390.568972,2,0.378609,1,0.037909,56.712866,56.712866,545492,547053,543932
606,7156.732321,6945.474386,4,1.024485,3,0.139236,125.372410,125.372410,551478,556649,545666
607,3384.547472,3284.292936,2,0.297070,1,0.046968,61.198473,61.198473,549225,550911,547540
608,3457.236767,3353.319168,2,0.326872,1,0.032663,64.054012,64.054012,551656,553871,549442
609,3437.780380,3346.564054,2,0.359058,1,0.023842,46.378851,46.378851,552967,554726,551208
610,3378.108263,3276.094437,2,0.258446,1,0.027895,59.692144,59.692144,554641,556361,552922
611,3016.719103,2915.007114,2,0.328541,1,0.025749,60.117960,60.117960,556038,557381,554696
612,6232.187033,6030.330420,4,0.931025,3,0.085831,120.483160,120.483160,561015,565182,556618
613,4842.335701,4686.515093,3,0.569344,2,0.062227,95.071316,95.071316,562058,565593,558424
614,6198.911428,6000.687838,4,0.790596,3,0.114441,118.794203,118.794203,564123,567349,560116
615,3246.747255,3153.680086,2,0.253201,1,0.028372,49.395084,49.395084,563911,565894,561928
616,3828.542233,3691.560507,3,0.504494,2,0.097036,77.427387,77.427387,567057,570248,563864
617,4122.707367,3979.413509,3,0.606537,2,0.071764,83.984852,83.984852,569213,572410,565908
618,5871.400833,5656.475067,4,0.765085,3,0.120401,129.926920,129.926920,573015,577421,567838
619,2746.491909,2651.650190,2,0.268459,1,0.049591,56.960583,56.960583,571538,573412,569664
620,3341.564894,3223.818064,2,0.243664,1,0.027180,72.819710,72.819710,573011,574639,571384
621,5392.308235,5187.691927,4,0.802040,3,0.097752,122.450590,122.450590,579205,585259,572994
622,4358.846426,4200.491190,3,0.503063,2,0.090837,98.772287,98.772287,578817,582486,574720
623,2807.961941,2702.593327,2,0.263929,1,0.060558,67.138910,67.138910,578678,580698,576658
624,5777.061462,5566.531420,4,0.987530,3,0.099897,127.271652,127.271652,583304,588428,578622
625,3278.074741,3175.758362,2,0.273228,1,0.059605,62.992334,62.992334,582490,584508,580472
626,4471.130133,4311.755180,3,0.626326,2,0.087738,97.108126,97.108126,585465,588866,582206
627,5544.546604,5330.468655,4,0.862598,3,0.119925,130.842447,130.842447,589688,595394,583978
628,5461.158752,5248.367071,4,0.786543,3,0.122070,130.821466,130.821466,590185,593703,585854
629,2960.685253,2859.903336,2,0.276804,1,0.033617,61.677217,61.677217,589179,590548,587810
630,3031.234503,2935.319424,2,0.249624,1,0.034571,54.924488,54.924488,591828,593870,589786
631,3231.327534,3129.358292,2,0.290155,1,0.038385,63.202858,63.202858,593814,595862,591766
632,5778.419971,5561.513186,4,0.908375,3,0.666142,132.868290,132.868290,599548,605339,593762
633,4665.310860,4500.419855,3,0.516891,2,0.079393,101.937294,101.937294,599445,603698,595558
634,3097.558022,2990.439177,2,0.353813,1,0.055075,66.653728,66.653728,598785,600349,597222
635,5668.603182,5454.003334,4,0.931263,3,0.106335,129.995823,129.995823,604587,610207,598928
636,6397.504091,6182.003736,4,0.876427,3,0.118732,127.595901,127.595901,605807,610158,600740
637,6220.745564,5996.181965,4,0.938654,3,0.149250,140.234470,140.234470,608779,614032,602624
638,2915.034533,2806.999922,2,0.352383,1,0.051498,67.376375,67.376375,606315,608224,604406
639,4322.252274,4161.846876,3,0.615120,2,0.078440,96.710443,96.710443,609014,612807,606092
640,4333.328962,4175.341368,3,0.603676,2,0.085592,93.979836,93.979836,611093,614252,607828
641,5554.381132,5330.459356,4,0.995636,3,0.167608,136.080265,136.080265,615671,621111,609574
642,2919.127941,2815.392733,2,0.271082,1,0.055313,62.001467,62.001467,613738,616081,611396
643,5447.611094,5223.712683,4,0.969410,3,0.112772,138.395309,138.395309,617607,621435,613252
644,2881.667137,2772.433758,2,0.326633,1,0.036001,68.032742,68.032742,616357,617530,615184
645,3109.222412,3000.889063,2,0.387669,1,0.045300,66.025019,66.025019,619205,621224,617186
646,3053.755760,2948.299408,2,0.358820,1,0.068903,61.599493,61.599493,620434,621748,619120
647,2824.940681,2715.497494,2,0.338554,1,0.068903,67.345381,67.345381,623389,625745,621034
648,3090.499878,2978.583813,2,0.367165,1,0.041008,69.510221,69.510221,624971,627070,622872
649,3092.140436,2983.098269,2,0.299692,1,0.079632,66.290617,66.290617,626758,628802,624714
650,3006.896496,2907.335281,2,0.332594,1,0.049591,56.403160,56.403160,628599,630582,626616
651,2759.005308,2664.264679,2,0.315905,1,0.033140,51.982164,51.982164,629930,631432,628428
652,3944.504976,3772.713184,3,0.572681,2,0.053406,106.494665,106.494665,633905,638094,630272
653,2991.791964,2891.330004,2,0.307322,1,0.056028,56.308746,56.308746,633785,635417,632154
654,5377.355099,5151.502848,4,1.033783,3,0.160456,137.164593,137.164593,639127,644538,634020
655,3281.797647,3165.956259,2,0.317574,1,0.053644,71.326256,71.326256,637817,639679,635956
656,3035.711765,2923.670530,2,0.311136,1,0.040531,67.606926,67.606926,639932,641958,637906
657,4995.214701,4764.417887,4,0.909567,3,0.120163,141.311407,141.311407,645623,650955,639888
658,5485.149145,5246.190071,4,0.905037,3,0.138521,145.792961,145.792961,648359,654713,641870
659,3901.381016,3728.080511,3,0.628471,2,0.072956,104.747772,104.747772,646602,650435,643728
660,5732.070684,5491.967201,4,0.946760,3,0.107288,146.053314,146.053314,651226,656902,645612
661,4460.933924,4278.179884,3,0.666380,2,0.118017,112.682343,112.682343,651237,654629,647534
662,4507.156134,4333.914280,3,0.711918,2,0.063419,104.824781,104.824781,653395,657786,649440
663,5073.972225,4833.207607,4,0.870228,3,0.133753,147.860765,147.860765,657918,663802,651318
664,3939.640999,3784.646273,3,0.663757,2,0.078917,85.884094,85.884094,657858,662297,653222
665,2608.460903,2498.975515,2,0.287771,1,0.030994,65.075397,65.075397,656648,658172,655124
666,4866.043806,4684.604883,3,0.644922,2,0.089645,112.315655,112.315655,661117,665348,656930
667,3137.049675,3012.238503,2,0.274658,1,0.052691,77.410936,77.410936,661202,663631,658774
668,3090.058804,2967.808723,2,0.315666,1,0.053167,75.751305,75.751305,662148,663677,660620
669,2637.167454,2525.736570,2,0.286341,1,0.035763,66.599607,66.599607,663961,665360,662562
670,4399.976969,4217.268944,3,0.576258,2,0.082016,111.742496,111.742496,667252,669820,664582
671,2793.460369,2681.330681,2,0.301838,1,0.063896,65.741301,65.741301,667916,669226,666606
672,3426.531315,3306.460381,2,0.343323,1,0.034094,70.848942,70.848942,671069,673511,668628
673,3686.403751,3496.867418,3,0.594139,2,0.137329,119.925261,119.925261,674029,677436,670528
674,2880.704165,2776.353598,2,0.362635,1,0.036001,57.524920,57.524920,674104,675885,672324
675,4118.062735,3929.703474,3,0.597239,2,0.090837,116.636515,116.636515,678013,681346,674258
676,2793.355942,2665.323496,2,0.266790,1,0.040770,81.174612,81.174612,678511,680692,676330
677,4232.395887,4043.634415,3,0.587702,2,0.067949,116.601706,116.601706,682208,684878,678416
678,3092.313290,2957.055807,2,0.286102,1,0.051022,86.634159,86.634159,682187,683903,680472
679,5636.429310,5369.745016,4,0.834227,3,0.098467,164.329290,164.329290,688499,693636,682498
680,9760.497808,9493.789196,4,0.797272,3,0.094891,164.968252,164.968252,690298,696984,684432
681,2873.571634,2750.097513,2,0.289917,1,0.036478,74.925184,74.925184,688596,690798,686394
682,4381.627798,4180.291176,3,0.577450,2,0.053644,125.737906,125.737906,692367,696223,688474
683,3106.419325,2960.347891,2,0.310898,1,0.052929,93.833685,93.833685,692558,694582,690534
684,3984.335184,3795.542002,3,0.571012,2,0.059605,115.314484,115.314484,696904,700739,692504
685,5774.694920,5512.119055,4,0.855446,3,0.100374,160.413742,160.413742,700123,706202,694396
686,2845.497847,2723.345757,2,0.271320,1,0.027657,74.028730,74.028730,697577,698754,696400
687,2853.889227,2730.101109,2,0.302553,1,0.052214,74.729681,74.729681,700297,702193,698402
688,5716.695786,5442.109346,4,1.210690,3,0.119686,169.874191,169.874191,705594,710516,700316
689,4248.549700,4059.461355,3,0.649691,2,0.065088,113.762856,113.762856,706355,710339,702256
690,3239.586830,3100.894213,2,0.284195,1,0.027657,88.499784,88.499784,706002,707863,704142
691,4273.709297,4078.110218,3,0.539064,2,0.073195,121.797085,121.797085,709894,713702,706038
692,4423.168421,4226.816177,3,0.561237,2,0.074148,120.345116,120.345116,712406,716854,707950
693,2948.467255,2816.919327,2,0.261307,1,0.046492,82.796574,82.796574,711904,714006,709802
694,3185.544252,3059.425592,2,0.251055,1,0.027180,76.033831,76.033831,712861,714013,711710
695,5754.834414,5490.403652,4,0.950098,3,0.147581,160.034895,160.034895,720221,726298,713634
696,3063.670635,2938.955784,2,0.302792,1,0.031233,74.189186,74.189186,717726,719938,715514
697,3005.407810,2880.447865,2,0.343323,1,0.029325,75.042009,75.042009,718904,720368,717440
698,3003.826857,2873.742342,2,0.287294,1,0.058889,77.946663,77.946663,720534,721651,719418
699,4405.280828,4198.414564,3,0.599623,2,0.055313,127.804279,127.804279,726063,730290,721416
700,4005.691528,3812.899351,3,0.542402,2,0.065565,115.551949,115.551949,727461,731371,723378
701,4965.418577,4706.280470,4,0.860691,3,0.088453,154.421568,154.421568,730661,735725,725298
702,3091.776848,2959.092379,2,0.364065,1,0.050545,78.705788,78.705788,728763,730301,727226
703,2715.535641,2585.743427,2,0.290155,1,0.042677,78.639269,78.639269,731033,732911,729156
704,4466.192961,4260.529280,3,0.519037,2,0.060081,126.449585,126.449585,735828,740751,731106
705,2856.009960,2724.928141,2,0.288010,1,0.060797,79.837322,79.837322,735346,737622,733070
706,5401.106358,5132.236481,4,0.848055,3,0.083685,162.651300,162.651300,740390,745569,735048
707,6606.488228,6331.005573,4,0.864029,3,0.079870,165.890932,165.890932,742208,748144,737062
708,3079.469442,2946.515560,2,0.262737,1,0.031948,81.397057,81.397057,741061,743049,739074
709,5889.832020,5619.653463,4,0.844717,3,0.100613,159.970045,159.970045,747899,754147,741080
710,6443.954945,6173.508644,4,0.831127,3,0.108242,160.521507,160.521507,749511,755162,743118
711,5385.241032,5108.360291,4,0.875473,3,0.120640,166.622639,166.622639,751016,756798,745166
712,2909.671783,2773.323059,2,0.290632,1,0.028372,83.170652,83.170652,749214,751217,747212
713,5623.610497,5351.784945,4,0.920534,3,0.108004,162.946939,162.946939,754361,758817,749278
714,2931.090593,2796.673059,2,0.326395,1,0.028133,80.656528,80.656528,753463,755588,751338
715,5757.871866,5445.449829,4,0.893354,3,0.102282,193.584442,193.584442,759188,765082,753392
716,6135.078430,5847.254515,4,0.858784,3,0.114679,176.202774,176.202774,762018,768880,755478
717,2803.333759,2650.341511,2,0.285625,1,0.028372,95.858812,95.858812,759571,761565,757578
718,6540.925264,6249.042034,4,0.808954,3,0.136375,177.728653,177.728653,766019,773126,759672
